{"stats":{"minecraft:picked_up":{"minecraft:stick":6,"pointblank:ammocreative":1999998,"spore:cerebrum":1,"minecraft:feather":3,"minecraft:chicken":2,"projectvibrantjourneys:fallen_leaves":2,"minecraft:leather":2,"pointblank:m9":2,"minecraft:porkchop":11,"pointblank:gunmetal_nugget":14,"minecraft:oak_log":1,"minecraft:gunpowder":1,"minecraft:string":1,"alexsmobs:animal_dictionary":1,"pointblank:m1911a1":5,"minecraft:bone":2,"minecraft:rotten_flesh":6,"minecraft:stone_axe":1,"minecraft:wheat_seeds":1,"pointblank:ammo9mm":1000000,"minecraft:beef":4,"minecraft:stone_pickaxe":1,"minecraft:bread":38,"pointblank:tti_viper":1,"minecraft:mutton":5,"minecraft:white_wool":3},"minecraft:used":{"minecraft:oak_planks":4,"minecraft:bread":1,"marbledsarsenal:police_baton":14},"minecraft:custom":{"minecraft:time_since_rest":3938,"minecraft:sprint_one_cm":7464,"minecraft:damage_taken":352,"minecraft:walk_one_cm":216195,"minecraft:mob_kills":30,"minecraft:drop":7,"minecraft:damage_dealt":10,"minecraft:talked_to_villager":1,"minecraft:fly_one_cm":2777,"minecraft:open_chest":1,"minecraft:crouch_one_cm":142,"minecraft:play_time":23339,"minecraft:deaths":1,"minecraft:sneak_time":19,"minecraft:jump":163,"minecraft:leave_game":1,"minecraft:time_since_death":3896,"minecraft:total_world_time":23339,"minecraft:climb_one_cm":528,"minecraft:fall_one_cm":2427},"minecraft:mined":{"projectvibrantjourneys:bones":1,"projectvibrantjourneys:rocks":2,"projectvibrantjourneys:twigs":6,"minecraft:oak_log":1,"projectvibrantjourneys:short_grass":4,"minecraft:white_stained_glass":4,"minecraft:tall_grass":1,"projectvibrantjourneys:fallen_leaves":2},"minecraft:killed_by":{"mutantmonsters:mutant_zombie":1},"minecraft:killed":{"minecraft:sheep":3,"spore:inf_villager":1,"minecraft:zombie":9,"spore:inf_human":1,"minecraft:pig":5,"minecraft:chicken":2,"alexsmobs:raccoon":5,"alexsmobs:crow":1,"minecraft:cow":2},"minecraft:dropped":{"alexsmobs:animal_dictionary":1,"pointblank:ammo9mm":1,"pointblank:m1911a1":5},"minecraft:crafted":{"minecraft:oak_planks":4}},"DataVersion":3465}