{"stats":{"minecraft:killed":{"minecraft:pig":6,"hordes:zombie_player":3,"spore:inf_wanderer":1,"minecraft:zombie_villager":2,"alexsmobs:raccoon":5,"spore:inf_drowned":2,"spore:inf_pillager":1,"minecraft:sheep":4,"spore:inf_villager":1,"spore:inf_human":19,"minecraft:zombie":25,"minecraft:chicken":3,"alexsmobs:fly":2,"alexsmobs:crow":3,"minecraft:cow":2},"minecraft:picked_up":{"pointblank:ammocreative":1999998,"spore:mutated_heart":1,"minecraft:feather":5,"minecraft:chicken":3,"projectvibrantjourneys:fallen_leaves":2,"minecraft:leather":2,"pointblank:m9":2,"minecraft:oak_log":6,"minecraft:gunpowder":3,"minecraft:string":2,"minecraft:bone":4,"minecraft:stone_bricks":2,"minecraft:wheat_seeds":1,"pointblank:ammo9mm":1000000,"minecraft:beef":4,"minecraft:iron_ingot":3,"minecraft:stone_pickaxe":1,"spore:mutated_fiber":18,"pointblank:tti_viper":1,"minecraft:sugar_cane":1,"minecraft:phantom_membrane":2,"minecraft:dark_oak_door":1,"minecraft:stick":6,"spore:cerebrum":1,"minecraft:oak_door":1,"minecraft:copper_ingot":1,"minecraft:porkchop":13,"pointblank:gunmetal_nugget":79,"minecraft:spider_eye":1,"alexsmobs:animal_dictionary":1,"pointblank:m1911a1":5,"minecraft:quartz_block":4,"minecraft:rotten_flesh":21,"minecraft:slime_ball":1,"minecraft:stone_axe":1,"minecraft:bread":38,"alexsmobs:maggot":1,"minecraft:mutton":7,"minecraft:white_wool":6},"minecraft:used":{"minecraft:stone_pickaxe":6,"minecraft:oak_planks":4,"minecraft:white_wool":4,"minecraft:bread":2,"marbledsarsenal:police_baton":14,"minecraft:stone_axe":6},"minecraft:killed_by":{"minecraft:zombie_villager":1,"mutantmonsters:mutant_zombie":2,"minecraft:zombie":5,"spore:inf_wanderer":1},"minecraft:custom":{"minecraft:mob_kills":81,"minecraft:damage_dealt_resisted":60,"minecraft:leave_game":2,"minecraft:time_since_death":4359,"minecraft:sleep_in_bed":1,"minecraft:climb_one_cm":528,"minecraft:time_since_rest":4436,"minecraft:sprint_one_cm":23710,"minecraft:damage_taken":2755,"minecraft:walk_one_cm":335800,"minecraft:drop":7,"minecraft:damage_dealt":10,"minecraft:swim_one_cm":1457,"minecraft:talked_to_villager":1,"minecraft:fly_one_cm":9475,"minecraft:open_chest":3,"minecraft:crouch_one_cm":206,"minecraft:play_time":37838,"minecraft:deaths":9,"minecraft:sneak_time":26,"minecraft:walk_under_water_one_cm":1356,"minecraft:jump":292,"minecraft:walk_on_water_one_cm":1784,"minecraft:total_world_time":37838,"minecraft:fall_one_cm":3890},"minecraft:mined":{"minecraft:quartz_block":4,"projectvibrantjourneys:rocks":2,"projectvibrantjourneys:twigs":6,"minecraft:white_stained_glass":4,"minecraft:tall_grass":1,"projectvibrantjourneys:fallen_leaves":2,"projectvibrantjourneys:bones":1,"minecraft:oak_log":6,"projectvibrantjourneys:short_grass":4,"minecraft:stone_bricks":2,"minecraft:white_wool":2,"minecraft:oak_leaves":1,"minecraft:fern":1},"minecraft:crafted":{"minecraft:oak_planks":4},"minecraft:dropped":{"alexsmobs:animal_dictionary":1,"pointblank:ammo9mm":1,"pointblank:m1911a1":5}},"DataVersion":3465}