{"stats":{"minecraft:killed":{"hordes:zombie_player":3,"alexsmobs:raccoon":5,"spore:braiomil":1,"spore:leaper":1,"minecraft:chicken":5,"spore:spitter":4,"minecraft:pig":12,"spore:inf_wanderer":1,"minecraft:zombie_villager":2,"spore:inf_drowned":3,"spore:inf_pillager":1,"minecraft:sheep":4,"spore:inf_villager":2,"minecraft:zombie":122,"spore:inf_human":30,"spore:inf_witch":3,"alexsmobs:fly":4,"alexsmobs:crow":4,"spore:busser":1,"minecraft:cow":4},"minecraft:picked_up":{"pointblank:ammocreative":1999998,"spore:mutated_heart":3,"minecraft:chicken":4,"minecraft:stone_slab":1,"minecraft:potion":1,"minecraft:string":6,"spore:innards":1,"create:limestone":1,"tacz:ammo":999999,"spore:corrosive_sack":1,"minecraft:cobbled_deepslate":5,"pointblank:ammo9mm":1000000,"minecraft:beef":8,"pointblank:tti_viper":2,"minecraft:sugar_cane":1,"minecraft:phantom_membrane":2,"minecraft:dark_oak_door":1,"minecraft:golden_helmet":1,"minecraft:stick":20,"minecraft:raw_iron":8,"minecraft:oak_door":2,"minecraft:copper_ingot":1,"minecraft:oak_fence":1,"minecraft:torch":2,"minecraft:porkchop":23,"pointblank:gunmetal_nugget":188,"psg:sulphur":52,"pointblank:m1911a1":5,"minecraft:quartz_block":6,"minecraft:rotten_flesh":76,"k_turrets:raw_titanium":1,"spore:alveolic_sack":1,"spore:tendons":5,"minecraft:mutton":7,"minecraft:white_wool":7,"minecraft:cobblestone":82,"minecraft:feather":5,"projectvibrantjourneys:fallen_leaves":2,"minecraft:leather":4,"pointblank:m9":2,"minecraft:tuff":1,"minecraft:oak_log":26,"minecraft:yellow_bed":1,"minecraft:gunpowder":13,"minecraft:dirt":1,"minecraft:bone":8,"minecraft:stone_bricks":2,"minecraft:wheat_seeds":1,"minecraft:iron_ingot":3,"minecraft:stone_pickaxe":1,"spore:mutated_fiber":42,"minecraft:glowstone_dust":3,"minecraft:oak_planks":5,"spore:cerebrum":3,"pointblank:glock17":1,"spore:armor_fragment":4,"minecraft:gravel":1,"alexsmobs:animal_dictionary":1,"minecraft:spider_eye":4,"minecraft:mossy_cobblestone":2,"spore:claw_fragment":8,"minecraft:slime_ball":4,"minecraft:stone_axe":1,"tacz:modern_kinetic_gun":1,"minecraft:bread":38,"alexsmobs:maggot":1,"spore:spine_fragment":2,"projectvibrantjourneys:orange_bark_mushroom":1,"minecraft:coal":49,"minecraft:ender_pearl":1},"minecraft:used":{"minecraft:chest":2,"minecraft:iron_chestplate":1,"minecraft:torch":6,"marbledsarsenal:police_baton":14,"minecraft:furnace":2,"table_top_craft:chess_piece_figure":1,"minecraft:stone_pickaxe":191,"minecraft:oak_planks":41,"minecraft:white_wool":6,"minecraft:crafting_table":2,"minecraft:bread":18,"minecraft:stone_slab":1,"minecraft:stone_axe":36,"minecraft:cobblestone":24,"minecraft:cooked_porkchop":1,"minecraft:yellow_bed":1},"minecraft:broken":{"minecraft:golden_helmet":1,"minecraft:stone_pickaxe":1},"minecraft:killed_by":{"minecraft:zombie_villager":1,"mutantmonsters:mutant_zombie":2,"spore:busser":3,"spore:inf_wanderer":1,"minecraft:zombie":6},"minecraft:custom":{"minecraft:mob_kills":216,"minecraft:interact_with_crafting_table":11,"minecraft:bell_ring":2,"minecraft:damage_dealt_resisted":95,"minecraft:leave_game":2,"minecraft:time_since_death":4263,"minecraft:climb_one_cm":1586,"minecraft:sprint_one_cm":137222,"minecraft:walk_one_cm":620940,"minecraft:drop":15,"minecraft:talked_to_villager":1,"minecraft:play_time":97838,"minecraft:deaths":13,"minecraft:sneak_time":548,"minecraft:walk_under_water_one_cm":1356,"minecraft:jump":774,"minecraft:walk_on_water_one_cm":2200,"minecraft:total_world_time":97838,"minecraft:interact_with_furnace":9,"minecraft:sleep_in_bed":1,"minecraft:time_since_rest":4297,"minecraft:damage_taken":4595,"minecraft:damage_dealt":10,"minecraft:fly_one_cm":42750,"minecraft:swim_one_cm":1457,"minecraft:open_chest":11,"minecraft:crouch_one_cm":2184,"minecraft:fall_one_cm":10304},"minecraft:crafted":{"minecraft:oak_planks":104,"minecraft:furnace":2,"minecraft:stone_pickaxe":1,"minecraft:chest":2,"minecraft:cooked_porkchop":15,"minecraft:crafting_table":2,"minecraft:air":0,"minecraft:iron_chestplate":1,"minecraft:stick":8,"minecraft:iron_pickaxe":1,"minecraft:iron_ingot":8,"minecraft:torch":56},"minecraft:mined":{"minecraft:tuff":1,"minecraft:mossy_cobblestone":2,"projectvibrantjourneys:rocks":2,"psg:sulphur_ore":11,"minecraft:glow_lichen":1,"minecraft:white_stained_glass":6,"minecraft:moss_block":3,"minecraft:iron_ore":6,"projectvibrantjourneys:orange_bark_mushroom":1,"minecraft:andesite":1,"minecraft:deepslate_iron_ore":2,"minecraft:vine":1,"minecraft:stone":87,"minecraft:white_wool":3,"create:limestone":1,"minecraft:quartz_block":6,"minecraft:hanging_roots":1,"minecraft:oak_fence":1,"projectvibrantjourneys:twigs":6,"minecraft:stone_slab":2,"minecraft:tall_grass":1,"projectvibrantjourneys:fallen_leaves":2,"minecraft:oak_planks":5,"minecraft:wall_torch":2,"projectvibrantjourneys:bones":1,"minecraft:yellow_bed":1,"k_turrets:titanium_ore":1,"minecraft:oak_log":27,"minecraft:coal_ore":49,"projectvibrantjourneys:short_grass":4,"minecraft:gravel":1,"minecraft:dirt":1,"minecraft:cracked_stone_bricks":2,"minecraft:stone_bricks":4,"minecraft:oak_leaves":1,"minecraft:deepslate":6,"minecraft:fern":1},"minecraft:dropped":{"minecraft:oak_fence":1,"pointblank:ammo9mm":1,"minecraft:dirt":1,"minecraft:string":1,"pointblank:m1911a1":5,"minecraft:bone":2,"minecraft:gravel":1,"alexsmobs:animal_dictionary":1,"minecraft:quartz_block":2,"k_turrets:raw_titanium":1,"create:limestone":1}},"DataVersion":3465}