{"stats":{"minecraft:crafted":{"minecraft:oak_planks":132,"securitycraft:reinforced_oak_button":1,"minecraft:cooked_chicken":7,"minecraft:furnace":3,"minecraft:lever":1,"securitycraft:reinforced_lever":1,"minecraft:ladder":6,"minecraft:stone_pickaxe":1,"minecraft:chest":8,"minecraft:iron_door":3,"minecraft:cooked_porkchop":15,"minecraft:crafting_table":5,"minecraft:spruce_planks":122,"minecraft:air":0,"minecraft:iron_chestplate":1,"minecraft:stick":44,"minecraft:iron_pickaxe":1,"minecraft:iron_ingot":14,"minecraft:torch":56},"minecraft:used":{"minecraft:chest":8,"minecraft:spruce_planks":39,"minecraft:cooked_chicken":7,"minecraft:iron_chestplate":1,"minecraft:torch":82,"minecraft:blue_orchid":1,"minecraft:quartz_block":2,"marbledsarsenal:police_baton":14,"minecraft:stone_bricks":11,"marbledsarsenal:steel_baseball_bat":5,"mutantsbuff:charged_hammer":450,"mutantmonsters:hulk_hammer":24,"minecraft:furnace":3,"minecraft:pumpkin":1,"minecraft:potato":37,"securitycraft:reinforced_oak_button":1,"securitycraft:reinforced_oak_planks":1,"table_top_craft:chess_piece_figure":1,"securitycraft:reinforced_cobblestone":73,"minecraft:stone_pickaxe":198,"minecraft:oak_planks":41,"minecraft:white_wool":6,"securitycraft:reinforced_stone_bricks":7,"minecraft:crafting_table":6,"minecraft:white_bed":1,"minecraft:oak_log":1,"minecraft:gray_terracotta":1,"minecraft:lever":1,"securitycraft:reinforced_lever":1,"minecraft:bread":69,"spore:saber":33,"minecraft:iron_pickaxe":256,"minecraft:iron_door":2,"minecraft:stone_slab":1,"minecraft:stone_axe":36,"minecraft:cobblestone":100,"minecraft:cooked_porkchop":15,"minecraft:yellow_bed":4},"minecraft:picked_up":{"spore:mutated_heart":5,"pointblank:mk23":1,"pointblank:ammocreative":1999998,"minecraft:crafting_table":1,"minecraft:chicken":14,"max_armory:iron_long_sword":1,"minecraft:lead":2,"minecraft:stone_slab":1,"minecraft:potion":1,"securitycraft:reinforced_oak_planks":10,"spore:innards":1,"minecraft:string":16,"spore:saber":1,"minecraft:moss_carpet":1,"create:limestone":1,"tacz:ammo":2999997,"minecraft:iron_shovel":3,"spore:corrosive_sack":1,"minecraft:blue_orchid":1,"minecraft:cracked_stone_bricks":1,"minecraft:cobbled_deepslate":5,"pointblank:ammo9mm":1000000,"minecraft:spruce_planks":9,"minecraft:beef":9,"pointblank:tti_viper":3,"minecraft:sugar_cane":1,"minecraft:phantom_membrane":4,"minecraft:dark_oak_door":1,"minecraft:golden_helmet":1,"minecraft:raw_iron":14,"minecraft:stick":23,"spore:tumor":3,"securitycraft:reinforced_cobblestone":75,"minecraft:oak_door":3,"minecraft:copper_ingot":1,"minecraft:oak_fence":3,"minecraft:torch":26,"minecraft:porkchop":32,"pointblank:gunmetal_nugget":606,"psg:sulphur":56,"minecraft:golden_chestplate":1,"mutantmonsters:hulk_hammer":1,"pointblank:m1911a1":6,"minecraft:quartz_block":18,"minecraft:rotten_flesh":362,"k_turrets:raw_titanium":1,"securitycraft:reinforced_stone_bricks":7,"spore:alveolic_sack":1,"spore:tendons":5,"minecraft:mutton":11,"pointblank:moa_hg":1,"minecraft:white_wool":11,"minecraft:cobblestone":587,"minecraft:feather":5,"minecraft:iron_door":1,"projectvibrantjourneys:icicle":2,"projectvibrantjourneys:fallen_leaves":2,"minecraft:leather":4,"pointblank:m9":2,"mutantsbuff:charged_hammer":3,"minecraft:tuff":1,"minecraft:oak_log":34,"minecraft:yellow_bed":4,"minecraft:gunpowder":57,"marbledsarsenal:stop_sign":1,"minecraft:map":25,"projectvibrantjourneys:spruce_hollow_log":1,"minecraft:blue_bed":1,"minecraft:dirt":26,"minecraft:bone":45,"minecraft:stone_bricks":21,"minecraft:gray_terracotta":5,"minecraft:wheat_seeds":6,"minecraft:iron_ingot":3,"pointblank:smg_muzzlebrake":1,"minecraft:stone_pickaxe":1,"spore:mutated_fiber":107,"minecraft:glowstone_dust":3,"minecraft:oak_planks":7,"securitycraft:universal_block_reinforcer_lvl3":1,"spore:cerebrum":3,"pointblank:glock17":1,"minecraft:pumpkin":1,"spore:armor_fragment":9,"minecraft:gravel":13,"minecraft:stripped_spruce_log":5,"minecraft:white_bed":1,"minecraft:spruce_log":18,"minecraft:spider_eye":10,"minecraft:spruce_door":1,"alexsmobs:animal_dictionary":1,"minecraft:mossy_cobblestone":3,"spore:claw_fragment":11,"minecraft:slime_ball":9,"minecraft:stone_axe":1,"tacz:modern_kinetic_gun":3,"minecraft:lever":1,"marbledsarsenal:steel_baseball_bat":1,"minecraft:crossbow":1,"minecraft:emerald":2,"minecraft:bread":38,"alexsmobs:maggot":2,"spore:spine_fragment":7,"projectvibrantjourneys:orange_bark_mushroom":1,"minecraft:coal":94,"minecraft:ender_pearl":2},"minecraft:broken":{"minecraft:golden_helmet":1,"minecraft:stone_pickaxe":1,"minecraft:iron_pickaxe":1,"mutantsbuff:charged_hammer":1},"minecraft:custom":{"minecraft:mob_kills":930,"minecraft:interact_with_crafting_table":31,"minecraft:bell_ring":2,"minecraft:damage_dealt_resisted":2997,"minecraft:leave_game":6,"minecraft:time_since_death":8346,"minecraft:climb_one_cm":7085,"minecraft:sprint_one_cm":783488,"minecraft:walk_one_cm":1914870,"minecraft:drop":38,"minecraft:talked_to_villager":8,"minecraft:play_time":367371,"minecraft:sneak_time":2433,"minecraft:deaths":46,"minecraft:walk_under_water_one_cm":27401,"minecraft:jump":2809,"minecraft:walk_on_water_one_cm":43743,"minecraft:total_world_time":367371,"minecraft:interact_with_furnace":28,"minecraft:interact_with_loom":1,"minecraft:sleep_in_bed":3,"minecraft:time_since_rest":16047,"minecraft:damage_taken":15397,"minecraft:damage_dealt":2751,"minecraft:swim_one_cm":32261,"minecraft:fly_one_cm":363108,"minecraft:open_chest":49,"minecraft:crouch_one_cm":8151,"minecraft:fall_one_cm":69772},"minecraft:killed":{"hordes:zombie_player":8,"spore:braiomil":1,"alexsmobs:raccoon":7,"spore:leaper":2,"spore:griefer":2,"minecraft:bee":1,"minecraft:chicken":18,"spore:usurper":1,"minecraft:drowned":30,"spore:spitter":4,"minecraft:pig":15,"spore:inf_player":7,"spore:inf_wanderer":1,"minecraft:zombie_villager":13,"minecraft:wandering_trader":1,"spore:inf_drowned":4,"hordes:drowned_player":1,"spore:inf_pillager":25,"spore:umarmed":1,"minecraft:sheep":8,"spore:inf_villager":20,"alexsmobs:catfish":1,"minecraft:trader_llama":2,"minecraft:zombie":556,"spore:inf_human":157,"spore:inf_witch":5,"alexsmobs:fly":7,"alexsmobs:crow":7,"spore:busser":1,"mutantmonsters:mutant_zombie":1,"minecraft:villager":1,"minecraft:cow":5},"minecraft:killed_by":{"minecraft:zombie_villager":1,"mutantmonsters:mutant_zombie":2,"spore:busser":7,"spore:inf_human":4,"spore:usurper":2,"spore:inquisitor":1,"minecraft:drowned":2,"spore:delusioner":1,"spore:inf_wanderer":1,"spore:griefer":1,"spore:inf_pillager":1,"spore:inf_player":3,"spore:inf_villager":2,"spore:wave":1,"minecraft:zombie":11,"spore:stalker":1},"minecraft:dropped":{"spore:spine_fragment":3,"minecraft:mossy_cobblestone":1,"minecraft:oak_fence":1,"minecraft:cobblestone":1,"pointblank:ammo9mm":1,"minecraft:cracked_stone_bricks":1,"minecraft:stick":3,"minecraft:dirt":6,"mutantsbuff:charged_hammer":1,"projectvibrantjourneys:icicle":1,"spore:tumor":3,"minecraft:phantom_membrane":1,"minecraft:string":3,"spore:claw_fragment":3,"pointblank:m1911a1":5,"minecraft:bone":2,"minecraft:gravel":1,"alexsmobs:animal_dictionary":1,"minecraft:rotten_flesh":28,"psg:sulphur":3,"minecraft:gray_terracotta":4,"minecraft:quartz_block":2,"k_turrets:raw_titanium":1,"create:limestone":1,"minecraft:stone_bricks":1,"minecraft:slime_ball":2,"minecraft:arrow":5},"minecraft:mined":{"minecraft:tuff":1,"minecraft:spruce_planks":8,"minecraft:white_bed":1,"minecraft:mossy_cobblestone":3,"projectvibrantjourneys:rocks":2,"minecraft:glow_lichen":1,"psg:sulphur_ore":11,"minecraft:lever":1,"minecraft:grass_block":6,"minecraft:white_stained_glass":6,"minecraft:spruce_leaves":1,"minecraft:moss_block":3,"minecraft:spawner":2,"minecraft:large_fern":1,"minecraft:tall_seagrass":2,"minecraft:iron_ore":12,"projectvibrantjourneys:orange_bark_mushroom":1,"minecraft:andesite":1,"minecraft:stripped_spruce_log":5,"minecraft:pumpkin":1,"minecraft:vine":1,"minecraft:deepslate_iron_ore":2,"minecraft:stone":574,"minecraft:blue_orchid":1,"minecraft:white_wool":3,"create:limestone":1,"projectvibrantjourneys:icicle":1,"minecraft:gray_terracotta":2,"minecraft:quartz_block":14,"minecraft:hanging_roots":1,"ecologics:thin_ice":3,"minecraft:oak_fence":1,"minecraft:torch":18,"minecraft:crafting_table":1,"projectvibrantjourneys:twigs":7,"minecraft:stone_slab":4,"minecraft:tall_grass":5,"minecraft:cobblestone":14,"projectvibrantjourneys:fallen_leaves":2,"minecraft:oak_planks":5,"minecraft:blue_bed":1,"minecraft:iron_door":1,"minecraft:wall_torch":5,"minecraft:spruce_log":18,"projectvibrantjourneys:bones":1,"minecraft:yellow_bed":4,"minecraft:grass":8,"k_turrets:titanium_ore":1,"projectvibrantjourneys:spruce_hollow_log":1,"minecraft:coal_ore":96,"minecraft:oak_log":29,"projectvibrantjourneys:short_grass":14,"minecraft:gravel":13,"minecraft:dirt":17,"minecraft:cracked_stone_bricks":2,"minecraft:stone_bricks":13,"minecraft:oak_leaves":3,"minecraft:deepslate":6,"minecraft:fern":2}},"DataVersion":3465}