{"stats":{"minecraft:killed":{"hordes:zombie_player":3,"alexsmobs:raccoon":5,"spore:braiomil":1,"spore:leaper":1,"minecraft:chicken":4,"spore:spitter":4,"minecraft:pig":11,"spore:inf_wanderer":1,"minecraft:zombie_villager":2,"spore:inf_drowned":3,"spore:inf_pillager":1,"minecraft:sheep":4,"spore:inf_villager":2,"minecraft:zombie":115,"spore:inf_human":28,"spore:inf_witch":3,"alexsmobs:fly":4,"alexsmobs:crow":4,"minecraft:cow":4},"minecraft:picked_up":{"pointblank:ammocreative":1999998,"spore:mutated_heart":2,"minecraft:chicken":3,"minecraft:stone_slab":1,"minecraft:potion":1,"minecraft:string":6,"spore:innards":1,"create:limestone":1,"spore:corrosive_sack":1,"minecraft:cobbled_deepslate":5,"pointblank:ammo9mm":1000000,"minecraft:beef":8,"pointblank:tti_viper":2,"minecraft:sugar_cane":1,"minecraft:phantom_membrane":2,"minecraft:dark_oak_door":1,"minecraft:golden_helmet":1,"minecraft:stick":20,"minecraft:raw_iron":8,"minecraft:oak_door":1,"minecraft:copper_ingot":1,"minecraft:oak_fence":1,"minecraft:torch":2,"minecraft:porkchop":22,"pointblank:gunmetal_nugget":186,"psg:sulphur":52,"pointblank:m1911a1":5,"minecraft:quartz_block":6,"minecraft:rotten_flesh":72,"k_turrets:raw_titanium":1,"spore:alveolic_sack":1,"spore:tendons":5,"minecraft:mutton":7,"minecraft:white_wool":7,"minecraft:cobblestone":65,"minecraft:feather":5,"projectvibrantjourneys:fallen_leaves":2,"minecraft:leather":4,"pointblank:m9":2,"minecraft:tuff":1,"minecraft:oak_log":26,"minecraft:yellow_bed":1,"minecraft:gunpowder":13,"minecraft:dirt":1,"minecraft:bone":7,"minecraft:stone_bricks":2,"minecraft:wheat_seeds":1,"minecraft:iron_ingot":3,"minecraft:stone_pickaxe":1,"spore:mutated_fiber":39,"minecraft:glowstone_dust":3,"minecraft:oak_planks":5,"spore:cerebrum":3,"pointblank:glock17":1,"spore:armor_fragment":3,"minecraft:gravel":1,"alexsmobs:animal_dictionary":1,"minecraft:spider_eye":3,"minecraft:mossy_cobblestone":2,"spore:claw_fragment":6,"minecraft:slime_ball":4,"minecraft:stone_axe":1,"minecraft:bread":38,"alexsmobs:maggot":1,"spore:spine_fragment":2,"projectvibrantjourneys:orange_bark_mushroom":1,"minecraft:coal":49,"minecraft:ender_pearl":1},"minecraft:used":{"minecraft:chest":2,"minecraft:iron_chestplate":1,"minecraft:torch":5,"marbledsarsenal:police_baton":14,"minecraft:furnace":2,"table_top_craft:chess_piece_figure":1,"minecraft:stone_pickaxe":171,"minecraft:oak_planks":41,"minecraft:white_wool":6,"minecraft:crafting_table":2,"minecraft:bread":16,"minecraft:stone_slab":1,"minecraft:stone_axe":36,"minecraft:cobblestone":2,"minecraft:cooked_porkchop":1,"minecraft:yellow_bed":1},"minecraft:broken":{"minecraft:stone_pickaxe":1},"minecraft:killed_by":{"minecraft:zombie_villager":1,"mutantmonsters:mutant_zombie":2,"spore:busser":1,"spore:inf_wanderer":1,"minecraft:zombie":5},"minecraft:custom":{"minecraft:mob_kills":204,"minecraft:interact_with_crafting_table":8,"minecraft:bell_ring":2,"minecraft:damage_dealt_resisted":95,"minecraft:leave_game":2,"minecraft:time_since_death":45986,"minecraft:climb_one_cm":1586,"minecraft:sprint_one_cm":121389,"minecraft:walk_one_cm":580191,"minecraft:drop":15,"minecraft:talked_to_villager":1,"minecraft:play_time":85838,"minecraft:deaths":10,"minecraft:sneak_time":540,"minecraft:walk_under_water_one_cm":1356,"minecraft:jump":690,"minecraft:walk_on_water_one_cm":2200,"minecraft:total_world_time":85838,"minecraft:interact_with_furnace":8,"minecraft:sleep_in_bed":1,"minecraft:time_since_rest":46037,"minecraft:damage_taken":3691,"minecraft:damage_dealt":10,"minecraft:fly_one_cm":37354,"minecraft:swim_one_cm":1457,"minecraft:open_chest":7,"minecraft:crouch_one_cm":2116,"minecraft:fall_one_cm":9613},"minecraft:crafted":{"minecraft:oak_planks":104,"minecraft:furnace":2,"minecraft:stone_pickaxe":1,"minecraft:chest":2,"minecraft:cooked_porkchop":14,"minecraft:crafting_table":2,"minecraft:air":0,"minecraft:iron_chestplate":1,"minecraft:stick":4,"minecraft:iron_ingot":8,"minecraft:torch":56},"minecraft:mined":{"minecraft:tuff":1,"minecraft:mossy_cobblestone":2,"projectvibrantjourneys:rocks":2,"psg:sulphur_ore":11,"minecraft:glow_lichen":1,"minecraft:white_stained_glass":6,"minecraft:moss_block":1,"minecraft:iron_ore":6,"projectvibrantjourneys:orange_bark_mushroom":1,"minecraft:andesite":1,"minecraft:deepslate_iron_ore":2,"minecraft:vine":1,"minecraft:stone":70,"minecraft:white_wool":3,"create:limestone":1,"minecraft:quartz_block":6,"minecraft:hanging_roots":1,"minecraft:oak_fence":1,"projectvibrantjourneys:twigs":6,"minecraft:stone_slab":1,"minecraft:tall_grass":1,"projectvibrantjourneys:fallen_leaves":2,"minecraft:oak_planks":5,"minecraft:wall_torch":2,"projectvibrantjourneys:bones":1,"minecraft:yellow_bed":1,"k_turrets:titanium_ore":1,"minecraft:oak_log":27,"minecraft:coal_ore":49,"projectvibrantjourneys:short_grass":4,"minecraft:gravel":1,"minecraft:dirt":1,"minecraft:cracked_stone_bricks":2,"minecraft:stone_bricks":4,"minecraft:oak_leaves":1,"minecraft:deepslate":6,"minecraft:fern":1},"minecraft:dropped":{"minecraft:oak_fence":1,"pointblank:ammo9mm":1,"minecraft:dirt":1,"minecraft:string":1,"pointblank:m1911a1":5,"minecraft:bone":2,"minecraft:gravel":1,"alexsmobs:animal_dictionary":1,"minecraft:quartz_block":2,"k_turrets:raw_titanium":1,"create:limestone":1}},"DataVersion":3465}