{"stats":{"minecraft:crafted":{"minecraft:oak_planks":156,"securitycraft:reinforced_oak_button":1,"minecraft:cooked_chicken":7,"minecraft:furnace":4,"minecraft:lever":1,"securitycraft:reinforced_lever":1,"minecraft:ladder":15,"minecraft:stone_pickaxe":1,"minecraft:chest":10,"minecraft:iron_door":3,"minecraft:cooked_porkchop":38,"minecraft:crafting_table":6,"minecraft:spruce_planks":122,"minecraft:air":0,"minecraft:iron_chestplate":1,"minecraft:white_bed":1,"minecraft:stick":68,"minecraft:iron_pickaxe":1,"minecraft:iron_ingot":14,"minecraft:torch":68},"minecraft:used":{"minecraft:iron_shovel":1,"minecraft:ladder":11,"minecraft:chest":10,"minecraft:spruce_planks":39,"spore:corrupted_record":1,"minecraft:cooked_chicken":7,"minecraft:iron_chestplate":1,"minecraft:torch":91,"minecraft:blue_orchid":1,"mutantmonsters:creeper_shard":8,"minecraft:quartz_block":2,"marbledsarsenal:police_baton":14,"minecraft:stone_bricks":11,"marbledsarsenal:steel_baseball_bat":5,"mutantsbuff:charged_hammer":498,"mutantmonsters:hulk_hammer":24,"minecraft:furnace":4,"minecraft:pumpkin":1,"minecraft:potato":37,"securitycraft:reinforced_oak_button":1,"securitycraft:reinforced_oak_planks":2,"table_top_craft:chess_piece_figure":1,"securitycraft:reinforced_cobblestone":147,"minecraft:stone_pickaxe":198,"minecraft:oak_planks":41,"minecraft:white_wool":6,"securitycraft:reinforced_stone_bricks":7,"minecraft:crafting_table":7,"minecraft:white_bed":3,"minecraft:oak_log":1,"minecraft:gray_terracotta":1,"minecraft:lever":2,"securitycraft:reinforced_lever":1,"minecraft:bread":69,"spore:saber":33,"minecraft:iron_pickaxe":256,"minecraft:iron_door":4,"minecraft:stone_slab":1,"minecraft:stone_axe":36,"minecraft:cobblestone":312,"minecraft:cooked_porkchop":33,"minecraft:yellow_bed":5},"minecraft:picked_up":{"spore:mutated_heart":6,"pointblank:mk23":1,"pointblank:ammocreative":1999998,"minecraft:crafting_table":1,"minecraft:ladder":3,"minecraft:chicken":20,"max_armory:iron_long_sword":1,"minecraft:lead":2,"minecraft:stone_slab":1,"minecraft:potion":1,"securitycraft:reinforced_oak_planks":26,"spore:innards":1,"minecraft:string":17,"spore:saber":1,"minecraft:moss_carpet":1,"create:limestone":1,"tacz:ammo":2999997,"minecraft:iron_shovel":3,"spore:corrosive_sack":1,"minecraft:blue_orchid":1,"minecraft:cracked_stone_bricks":1,"minecraft:cobbled_deepslate":5,"pointblank:ammo9mm":1000000,"minecraft:spruce_planks":21,"minecraft:beef":26,"marbledsarsenal:hazmat_armor_chestplate":1,"marbledsarsenal:hazmat_armor_boots":1,"minecraft:light_gray_wool":1,"pointblank:tti_viper":3,"minecraft:sugar_cane":1,"minecraft:furnace":1,"pointblank:workstation":1,"minecraft:phantom_membrane":4,"minecraft:egg":2,"minecraft:dark_oak_door":1,"minecraft:golden_helmet":1,"minecraft:raw_iron":14,"minecraft:stick":23,"spore:tumor":3,"securitycraft:reinforced_cobblestone":149,"minecraft:oak_door":3,"spore:wing_membrane":3,"minecraft:copper_ingot":1,"minecraft:oak_fence":3,"minecraft:torch":28,"tacz:attachment":1,"minecraft:porkchop":72,"pointblank:gunmetal_nugget":705,"psg:sulphur":56,"minecraft:golden_chestplate":1,"mutantmonsters:creeper_shard":1,"mutantmonsters:hulk_hammer":2,"pointblank:m1911a1":6,"minecraft:quartz_block":18,"minecraft:rotten_flesh":386,"k_turrets:raw_titanium":1,"securitycraft:reinforced_stone_bricks":7,"spore:alveolic_sack":1,"spore:tendons":5,"minecraft:mutton":22,"pointblank:moa_hg":1,"minecraft:white_wool":17,"minecraft:cobblestone":607,"minecraft:feather":11,"minecraft:iron_door":2,"projectvibrantjourneys:icicle":2,"projectvibrantjourneys:fallen_leaves":2,"minecraft:leather":4,"pointblank:m9":2,"mutantsbuff:charged_hammer":3,"minecraft:tuff":1,"minecraft:oak_log":45,"max_armory:copper_spear":1,"minecraft:yellow_bed":5,"minecraft:gunpowder":63,"marbledsarsenal:stop_sign":1,"minecraft:map":25,"projectvibrantjourneys:spruce_hollow_log":1,"minecraft:blue_bed":1,"minecraft:dirt":27,"minecraft:bone":66,"minecraft:stone_bricks":21,"minecraft:gray_terracotta":5,"minecraft:wheat_seeds":6,"minecraft:iron_ingot":3,"pointblank:smg_muzzlebrake":1,"minecraft:stone_pickaxe":1,"spore:mutated_fiber":136,"minecraft:glowstone_dust":3,"minecraft:oak_planks":7,"securitycraft:universal_block_reinforcer_lvl3":1,"spore:cerebrum":3,"pointblank:glock17":1,"minecraft:pumpkin":1,"spore:armor_fragment":23,"minecraft:gravel":13,"marbledsarsenal:black_gp5_gas_mask":1,"minecraft:stripped_spruce_log":5,"minecraft:white_bed":2,"minecraft:spruce_log":18,"minecraft:spider_eye":11,"minecraft:spruce_door":1,"alexsmobs:animal_dictionary":1,"minecraft:mossy_cobblestone":3,"marbledsarsenal:hazmat_armor_leggings":1,"spore:claw_fragment":31,"spore:corrupted_record":1,"minecraft:slime_ball":9,"minecraft:stone_axe":1,"tacz:modern_kinetic_gun":6,"minecraft:lever":1,"marbledsarsenal:steel_baseball_bat":1,"minecraft:crossbow":1,"saros__money_mod:euro_200":1,"minecraft:emerald":2,"minecraft:bread":38,"alexsmobs:maggot":2,"spore:spine_fragment":7,"projectvibrantjourneys:orange_bark_mushroom":1,"minecraft:black_wool":1,"minecraft:coal":106,"minecraft:ender_pearl":2},"minecraft:broken":{"minecraft:golden_helmet":1,"minecraft:stone_pickaxe":1,"minecraft:iron_pickaxe":1,"mutantsbuff:charged_hammer":1},"minecraft:custom":{"minecraft:mob_kills":1240,"minecraft:interact_with_crafting_table":40,"minecraft:bell_ring":2,"minecraft:damage_dealt_resisted":3666,"minecraft:leave_game":6,"minecraft:time_since_death":16540,"minecraft:climb_one_cm":18582,"minecraft:sprint_one_cm":1011597,"minecraft:walk_one_cm":2435882,"minecraft:drop":55,"minecraft:talked_to_villager":8,"minecraft:play_time":463371,"minecraft:sneak_time":3776,"minecraft:deaths":69,"minecraft:walk_under_water_one_cm":33187,"minecraft:jump":3935,"minecraft:walk_on_water_one_cm":55423,"minecraft:total_world_time":463371,"minecraft:interact_with_furnace":33,"minecraft:play_record":1,"minecraft:interact_with_loom":1,"minecraft:sleep_in_bed":3,"minecraft:time_since_rest":16620,"minecraft:damage_taken":22936,"minecraft:damage_dealt":2806,"minecraft:swim_one_cm":38001,"minecraft:fly_one_cm":597546,"minecraft:open_chest":64,"minecraft:crouch_one_cm":13472,"minecraft:fall_one_cm":98468},"minecraft:killed":{"hordes:zombie_player":11,"spore:braiomil":9,"alexsmobs:raccoon":8,"spore:leaper":3,"minecraft:zombie_horse":3,"spore:inquisitor":2,"spore:griefer":5,"alexsmobs:blue_jay":1,"minecraft:bee":1,"minecraft:chicken":21,"spore:usurper":1,"minecraft:drowned":31,"spore:spitter":4,"minecraft:pig":34,"spore:inf_player":14,"spore:inf_wanderer":1,"minecraft:zombie_villager":17,"spore:scamper":1,"spore:brute":1,"minecraft:wandering_trader":1,"spore:inf_drowned":4,"hordes:drowned_player":1,"spore:brot":1,"spore:inf_pillager":50,"spore:umarmed":1,"minecraft:sheep":17,"spore:inf_villager":34,"alexsmobs:gelada_monkey":1,"alexsmobs:catfish":1,"minecraft:trader_llama":2,"minecraft:zombie":672,"spore:inf_human":215,"spore:inf_witch":5,"spore:howler":1,"alexsmobs:fly":7,"alexsmobs:crow":7,"spore:busser":7,"mutantmonsters:mutant_zombie":1,"spore:slasher":3,"spore:knight":9,"minecraft:villager":1,"minecraft:cow":13},"minecraft:killed_by":{"minecraft:zombie_villager":1,"spore:inf_drowned":1,"mutantmonsters:mutant_zombie":2,"spore:busser":14,"spore:knight":2,"spore:inf_human":6,"spore:inf_vindicator":1,"spore:usurper":5,"spore:inquisitor":2,"minecraft:drowned":2,"spore:delusioner":1,"spore:inf_wanderer":1,"spore:griefer":1,"spore:inf_pillager":2,"spore:inf_player":4,"spore:inf_villager":2,"spore:wave":1,"minecraft:zombie":12,"spore:stalker":1},"minecraft:dropped":{"spore:spine_fragment":4,"minecraft:mossy_cobblestone":1,"minecraft:feather":2,"minecraft:oak_fence":1,"minecraft:cobblestone":1,"pointblank:ammo9mm":1,"minecraft:cracked_stone_bricks":1,"minecraft:stick":9,"minecraft:dirt":14,"mutantsbuff:charged_hammer":1,"projectvibrantjourneys:icicle":1,"spore:tumor":3,"tacz:modern_kinetic_gun":1,"minecraft:phantom_membrane":1,"minecraft:string":3,"spore:claw_fragment":3,"pointblank:m1911a1":5,"minecraft:bone":40,"minecraft:gravel":1,"alexsmobs:animal_dictionary":1,"minecraft:rotten_flesh":121,"pointblank:gunmetal_nugget":122,"psg:sulphur":3,"securitycraft:reinforced_oak_planks":16,"minecraft:gray_terracotta":4,"minecraft:spruce_planks":12,"minecraft:quartz_block":2,"k_turrets:raw_titanium":1,"create:limestone":1,"minecraft:stone_bricks":1,"minecraft:slime_ball":2,"minecraft:arrow":5,"minecraft:black_wool":1},"minecraft:mined":{"minecraft:tuff":1,"minecraft:spruce_planks":8,"minecraft:white_bed":2,"minecraft:mossy_cobblestone":3,"minecraft:ladder":3,"projectvibrantjourneys:rocks":2,"minecraft:glow_lichen":1,"psg:sulphur_ore":11,"minecraft:lever":1,"minecraft:grass_block":6,"minecraft:white_stained_glass":6,"minecraft:spruce_leaves":1,"minecraft:moss_block":3,"spore:growths_small":1,"minecraft:spawner":2,"minecraft:large_fern":1,"minecraft:tall_seagrass":2,"minecraft:furnace":1,"minecraft:iron_ore":12,"projectvibrantjourneys:orange_bark_mushroom":1,"minecraft:andesite":1,"minecraft:stripped_spruce_log":5,"minecraft:pumpkin":1,"minecraft:vine":1,"minecraft:deepslate_iron_ore":2,"minecraft:stone":574,"minecraft:blue_orchid":1,"minecraft:white_wool":3,"create:limestone":1,"projectvibrantjourneys:icicle":1,"minecraft:gray_terracotta":2,"minecraft:quartz_block":14,"minecraft:hanging_roots":1,"ecologics:thin_ice":3,"spore:growths_big":1,"minecraft:oak_fence":1,"minecraft:torch":18,"minecraft:crafting_table":1,"projectvibrantjourneys:twigs":7,"minecraft:stone_slab":4,"minecraft:tall_grass":5,"minecraft:cobblestone":36,"projectvibrantjourneys:fallen_leaves":3,"minecraft:oak_planks":5,"minecraft:blue_bed":1,"minecraft:iron_door":2,"minecraft:wall_torch":7,"minecraft:spruce_log":18,"projectvibrantjourneys:bones":1,"minecraft:yellow_bed":5,"minecraft:grass":9,"k_turrets:titanium_ore":1,"projectvibrantjourneys:spruce_hollow_log":1,"minecraft:coal_ore":98,"minecraft:oak_log":40,"projectvibrantjourneys:short_grass":14,"pointblank:workstation":1,"minecraft:gravel":13,"minecraft:dirt":17,"minecraft:cracked_stone_bricks":2,"minecraft:stone_bricks":13,"spore:remains":1,"minecraft:oak_leaves":3,"minecraft:deepslate":6,"minecraft:fern":2}},"DataVersion":3465}