{"stats":{"minecraft:killed":{"hordes:zombie_player":4,"alexsmobs:raccoon":5,"spore:braiomil":1,"spore:leaper":1,"minecraft:chicken":5,"spore:spitter":4,"minecraft:pig":12,"spore:inf_player":1,"spore:inf_wanderer":1,"minecraft:zombie_villager":7,"spore:inf_drowned":3,"spore:inf_pillager":4,"minecraft:sheep":5,"spore:inf_villager":5,"minecraft:zombie":223,"spore:inf_human":56,"spore:inf_witch":4,"alexsmobs:fly":5,"alexsmobs:crow":5,"spore:busser":1,"minecraft:villager":1,"minecraft:cow":5},"minecraft:picked_up":{"pointblank:ammocreative":1999998,"spore:mutated_heart":5,"minecraft:chicken":4,"minecraft:stone_slab":1,"minecraft:potion":1,"minecraft:string":9,"spore:innards":1,"minecraft:moss_carpet":1,"create:limestone":1,"tacz:ammo":999999,"spore:corrosive_sack":1,"minecraft:blue_orchid":1,"minecraft:cobbled_deepslate":5,"pointblank:ammo9mm":1000000,"minecraft:beef":9,"pointblank:tti_viper":2,"minecraft:sugar_cane":1,"minecraft:phantom_membrane":2,"minecraft:dark_oak_door":1,"minecraft:golden_helmet":1,"minecraft:stick":20,"minecraft:raw_iron":8,"minecraft:oak_door":3,"minecraft:copper_ingot":1,"minecraft:oak_fence":1,"minecraft:torch":9,"minecraft:porkchop":23,"pointblank:gunmetal_nugget":347,"psg:sulphur":52,"pointblank:m1911a1":6,"minecraft:quartz_block":9,"minecraft:rotten_flesh":173,"k_turrets:raw_titanium":1,"spore:alveolic_sack":1,"spore:tendons":5,"minecraft:mutton":8,"minecraft:white_wool":8,"minecraft:cobblestone":85,"minecraft:feather":5,"projectvibrantjourneys:fallen_leaves":2,"minecraft:leather":4,"pointblank:m9":2,"minecraft:tuff":1,"minecraft:oak_log":26,"minecraft:yellow_bed":1,"minecraft:gunpowder":26,"projectvibrantjourneys:spruce_hollow_log":1,"minecraft:dirt":1,"minecraft:bone":21,"minecraft:stone_bricks":2,"minecraft:wheat_seeds":1,"minecraft:iron_ingot":3,"minecraft:stone_pickaxe":1,"spore:mutated_fiber":58,"minecraft:glowstone_dust":3,"minecraft:oak_planks":5,"spore:cerebrum":3,"pointblank:glock17":1,"spore:armor_fragment":4,"minecraft:gravel":1,"minecraft:stripped_spruce_log":5,"minecraft:white_bed":1,"alexsmobs:animal_dictionary":1,"minecraft:spider_eye":10,"minecraft:mossy_cobblestone":2,"spore:claw_fragment":8,"minecraft:slime_ball":7,"minecraft:stone_axe":1,"tacz:modern_kinetic_gun":1,"minecraft:bread":38,"alexsmobs:maggot":2,"spore:spine_fragment":3,"projectvibrantjourneys:orange_bark_mushroom":1,"minecraft:coal":49,"minecraft:ender_pearl":2},"minecraft:used":{"minecraft:chest":2,"minecraft:iron_chestplate":1,"minecraft:torch":18,"minecraft:blue_orchid":1,"minecraft:quartz_block":2,"marbledsarsenal:police_baton":14,"minecraft:furnace":2,"table_top_craft:chess_piece_figure":1,"minecraft:stone_pickaxe":192,"minecraft:oak_planks":41,"minecraft:white_wool":6,"minecraft:crafting_table":3,"minecraft:white_bed":1,"minecraft:bread":27,"minecraft:iron_pickaxe":10,"minecraft:stone_slab":1,"minecraft:stone_axe":36,"minecraft:cobblestone":28,"minecraft:cooked_porkchop":4,"minecraft:yellow_bed":1},"minecraft:broken":{"minecraft:golden_helmet":1,"minecraft:stone_pickaxe":1},"minecraft:killed_by":{"minecraft:zombie_villager":1,"mutantmonsters:mutant_zombie":2,"spore:busser":3,"spore:inf_wanderer":1,"minecraft:zombie":6},"minecraft:custom":{"minecraft:mob_kills":364,"minecraft:interact_with_crafting_table":11,"minecraft:bell_ring":2,"minecraft:damage_dealt_resisted":95,"minecraft:leave_game":3,"minecraft:time_since_death":43998,"minecraft:climb_one_cm":2698,"minecraft:sprint_one_cm":342259,"minecraft:walk_one_cm":831963,"minecraft:drop":15,"minecraft:talked_to_villager":7,"minecraft:play_time":137573,"minecraft:deaths":13,"minecraft:sneak_time":566,"minecraft:walk_under_water_one_cm":2024,"minecraft:jump":1075,"minecraft:walk_on_water_one_cm":3175,"minecraft:total_world_time":137573,"minecraft:interact_with_furnace":11,"minecraft:interact_with_loom":1,"minecraft:sleep_in_bed":1,"minecraft:time_since_rest":44032,"minecraft:damage_taken":5061,"minecraft:damage_dealt":10,"minecraft:fly_one_cm":115993,"minecraft:swim_one_cm":3263,"minecraft:open_chest":24,"minecraft:crouch_one_cm":2358,"minecraft:fall_one_cm":17491},"minecraft:crafted":{"minecraft:oak_planks":104,"minecraft:furnace":2,"minecraft:stone_pickaxe":1,"minecraft:chest":2,"minecraft:cooked_porkchop":15,"minecraft:crafting_table":3,"minecraft:spruce_planks":6,"minecraft:air":0,"minecraft:iron_chestplate":1,"minecraft:stick":12,"minecraft:iron_pickaxe":1,"minecraft:iron_ingot":8,"minecraft:torch":56},"minecraft:mined":{"minecraft:tuff":1,"minecraft:white_bed":1,"minecraft:mossy_cobblestone":2,"projectvibrantjourneys:rocks":2,"psg:sulphur_ore":11,"minecraft:glow_lichen":1,"minecraft:white_stained_glass":6,"minecraft:moss_block":3,"minecraft:iron_ore":6,"projectvibrantjourneys:orange_bark_mushroom":1,"minecraft:andesite":1,"minecraft:stripped_spruce_log":5,"minecraft:deepslate_iron_ore":2,"minecraft:vine":1,"minecraft:blue_orchid":1,"minecraft:stone":87,"minecraft:white_wool":3,"create:limestone":1,"minecraft:quartz_block":9,"minecraft:hanging_roots":1,"ecologics:thin_ice":3,"minecraft:oak_fence":1,"minecraft:torch":6,"projectvibrantjourneys:twigs":6,"minecraft:stone_slab":2,"minecraft:cobblestone":3,"minecraft:tall_grass":1,"projectvibrantjourneys:fallen_leaves":2,"minecraft:oak_planks":5,"minecraft:wall_torch":2,"projectvibrantjourneys:bones":1,"minecraft:yellow_bed":1,"k_turrets:titanium_ore":1,"projectvibrantjourneys:spruce_hollow_log":1,"minecraft:oak_log":27,"minecraft:coal_ore":49,"projectvibrantjourneys:short_grass":5,"minecraft:gravel":1,"minecraft:dirt":1,"minecraft:cracked_stone_bricks":2,"minecraft:stone_bricks":4,"minecraft:oak_leaves":2,"minecraft:deepslate":6,"minecraft:fern":2},"minecraft:dropped":{"minecraft:oak_fence":1,"pointblank:ammo9mm":1,"minecraft:dirt":1,"minecraft:string":1,"pointblank:m1911a1":5,"minecraft:bone":2,"minecraft:gravel":1,"alexsmobs:animal_dictionary":1,"minecraft:quartz_block":2,"k_turrets:raw_titanium":1,"create:limestone":1}},"DataVersion":3465}