{"stats":{"minecraft:killed":{"spore:braiomil":11,"spore:leaper":5,"minecraft:zombie_horse":6,"minecraft:bee":1,"minecraft:chicken":23,"spore:delusioner":1,"spore:spitter":4,"spore:vigil":1,"minecraft:pig":36,"spore:inf_player":25,"spore:inf_wanderer":1,"minecraft:zombie_villager":18,"spore:scamper":5,"spore:inf_drowned":4,"hordes:drowned_player":1,"spore:umarmed":3,"minecraft:sheep":18,"spore:inf_villager":41,"minecraft:trader_llama":2,"spore:mound":8,"spore:inf_human":249,"minecraft:zombie":698,"spore:howler":4,"alexsmobs:fly":9,"spore:knight":10,"minecraft:cow":13,"hordes:zombie_player":13,"alexsmobs:raccoon":8,"spore:inquisitor":4,"spore:griefer":12,"alexsmobs:blue_jay":1,"spore:verva":1,"spore:usurper":1,"minecraft:drowned":31,"spore:braurei":1,"minecraft:husk":4,"spore:brute":1,"minecraft:wandering_trader":1,"spore:brot":3,"spore:inf_pillager":54,"alexsmobs:catfish":1,"alexsmobs:gelada_monkey":1,"spore:inf_witch":5,"alexsmobs:crow":9,"spore:busser":26,"mutantmonsters:mutant_zombie":1,"spore:inf_husk":13,"spore:slasher":6,"minecraft:villager":1},"minecraft:custom":{"minecraft:interact_with_crafting_table":42,"minecraft:bell_ring":2,"minecraft:leave_game":6,"minecraft:time_since_death":2806,"minecraft:sprint_one_cm":1049665,"minecraft:drop":60,"minecraft:talked_to_villager":8,"minecraft:play_time":533078,"minecraft:deaths":84,"minecraft:jump":4458,"minecraft:walk_on_water_one_cm":55423,"minecraft:interact_with_furnace":40,"minecraft:play_record":4,"minecraft:interact_with_loom":1,"minecraft:sleep_in_bed":3,"minecraft:damage_dealt":2806,"minecraft:crouch_one_cm":13839,"minecraft:mob_kills":1414,"minecraft:damage_dealt_resisted":6758,"minecraft:climb_one_cm":52967,"minecraft:walk_one_cm":2802437,"minecraft:sneak_time":3879,"minecraft:walk_under_water_one_cm":33187,"minecraft:total_world_time":533078,"minecraft:time_since_rest":2849,"minecraft:damage_taken":28650,"minecraft:swim_one_cm":38001,"minecraft:fly_one_cm":630248,"minecraft:open_chest":81,"minecraft:fall_one_cm":110833},"minecraft:broken":{"minecraft:golden_helmet":1,"marbledsarsenal:hazmat_armor_boots":2,"minecraft:stone_pickaxe":1,"marbledsarsenal:cm6m_gas_mask":1,"marbledsarsenal:hazmat_armor_leggings":2,"marbledsarsenal:hazmat_armor_chestplate":2,"minecraft:iron_pickaxe":1,"mutantsbuff:charged_hammer":1},"minecraft:killed_by":{"minecraft:zombie_villager":1,"mutantmonsters:mutant_zombie":2,"spore:knight":2,"spore:inf_human":6,"spore:inquisitor":6,"minecraft:drowned":2,"spore:griefer":1,"spore:inf_pillager":2,"spore:inf_player":5,"spore:inf_villager":2,"minecraft:zombie":12,"spore:inf_drowned":1,"spore:busser":19,"spore:inf_vindicator":1,"spore:usurper":6,"spore:delusioner":1,"spore:inf_wanderer":1,"spore:wave":1,"spore:stalker":1,"spore:brot":2},"minecraft:crafted":{"minecraft:oak_planks":180,"minecraft:cooked_chicken":17,"minecraft:lever":1,"minecraft:cooked_mutton":13,"securitycraft:reinforced_lever":1,"minecraft:chest":12,"minecraft:iron_door":3,"minecraft:cooked_porkchop":63,"minecraft:crafting_table":7,"minecraft:spruce_planks":122,"farmersdelight:fried_egg":2,"minecraft:iron_chestplate":1,"minecraft:stick":72,"minecraft:iron_ingot":14,"minecraft:iron_pickaxe":1,"securitycraft:reinforced_oak_button":1,"minecraft:furnace":4,"minecraft:ladder":15,"minecraft:stone_pickaxe":1,"minecraft:stone_axe":2,"minecraft:air":0,"minecraft:white_bed":1,"minecraft:torch":68},"minecraft:dropped":{"spore:spine_fragment":4,"minecraft:cracked_stone_bricks":1,"mutantsbuff:charged_hammer":1,"minecraft:dirt":14,"projectvibrantjourneys:icicle":1,"minecraft:phantom_membrane":1,"pointblank:m1911a1":5,"minecraft:bone":40,"minecraft:gravel":1,"minecraft:stone_axe":1,"minecraft:lever":1,"alexsmobs:animal_dictionary":1,"minecraft:rotten_flesh":121,"max_armory:wooden_machete":1,"psg:sulphur":3,"securitycraft:reinforced_oak_planks":16,"minecraft:quartz_block":2,"k_turrets:raw_titanium":1,"create:limestone":1,"minecraft:arrow":5,"minecraft:mossy_cobblestone":1,"minecraft:oak_fence":1,"minecraft:feather":2,"minecraft:cobblestone":1,"pointblank:ammo9mm":1,"minecraft:stick":9,"spore:tumor":3,"tacz:modern_kinetic_gun":2,"minecraft:string":3,"spore:claw_fragment":3,"securitycraft:reinforced_ladder":1,"pointblank:gunmetal_nugget":122,"minecraft:gray_terracotta":4,"minecraft:spruce_planks":12,"minecraft:stone_bricks":1,"minecraft:slime_ball":2,"minecraft:black_wool":1},"minecraft:picked_up":{"spore:mutated_heart":9,"pointblank:ammocreative":1999998,"max_armory:iron_long_sword":2,"minecraft:stone_slab":1,"minecraft:lead":2,"minecraft:potion":1,"securitycraft:reinforced_oak_planks":26,"spore:innards":2,"minecraft:string":17,"create:limestone":1,"max_armory:wooden_machete":1,"spore:corrosive_sack":1,"minecraft:cobbled_deepslate":5,"minecraft:spruce_planks":21,"marbledsarsenal:hazmat_armor_chestplate":2,"pointblank:workstation":1,"minecraft:furnace":2,"minecraft:dark_oak_door":1,"minecraft:golden_helmet":1,"minecraft:stick":25,"minecraft:jukebox":1,"minecraft:oak_fence":3,"minecraft:torch":29,"tacz:attachment":1,"minecraft:porkchop":74,"psg:sulphur":56,"minecraft:golden_chestplate":1,"mutantmonsters:hulk_hammer":3,"pointblank:m1911a1":6,"minecraft:quartz_block":18,"minecraft:rotten_flesh":410,"minecraft:cobblestone":947,"minecraft:feather":14,"minecraft:iron_door":3,"projectvibrantjourneys:fallen_leaves":2,"pointblank:m9":2,"dummmmmmy:target_dummy":1,"minecraft:tuff":1,"securitycraft:reinforced_ladder":1,"marbledsarsenal:stop_sign":1,"minecraft:map":25,"minecraft:dirt":34,"minecraft:bone":66,"minecraft:gray_terracotta":5,"minecraft:wheat_seeds":6,"pointblank:smg_muzzlebrake":1,"minecraft:glowstone_dust":3,"minecraft:oak_planks":7,"securitycraft:universal_block_reinforcer_lvl3":1,"spore:cerebrum":3,"spore:armor_fragment":68,"minecraft:stripped_spruce_log":5,"marbledsarsenal:black_gp5_gas_mask":1,"alexsmobs:animal_dictionary":1,"minecraft:mossy_cobblestone":3,"spore:claw_fragment":65,"marbledsarsenal:hazmat_armor_leggings":2,"spore:corrupted_record":4,"minecraft:lever":3,"marbledsarsenal:steel_baseball_bat":2,"minecraft:crossbow":1,"minecraft:emerald":6,"minecraft:bread":38,"alexsmobs:maggot":2,"spore:spine_fragment":7,"pointblank:mk23":1,"minecraft:crafting_table":4,"minecraft:chicken":21,"minecraft:ladder":3,"spore:saber":2,"minecraft:moss_carpet":1,"tacz:ammo":2999997,"minecraft:iron_shovel":4,"minecraft:blue_orchid":1,"minecraft:cracked_stone_bricks":1,"pointblank:ammo9mm":1000000,"minecraft:beef":43,"minecraft:light_gray_wool":1,"pointblank:tti_viper":3,"marbledsarsenal:hazmat_armor_boots":2,"minecraft:sugar_cane":1,"minecraft:chest":5,"minecraft:phantom_membrane":4,"minecraft:egg":4,"spore:knife":1,"max_armory:diamond_spear":1,"spore:tumor":9,"minecraft:raw_iron":21,"securitycraft:reinforced_cobblestone":149,"minecraft:oak_door":3,"spore:wing_membrane":13,"minecraft:copper_ingot":1,"pointblank:gunmetal_nugget":788,"mutantmonsters:creeper_shard":1,"k_turrets:raw_titanium":1,"securitycraft:reinforced_stone_bricks":7,"spore:alveolic_sack":1,"minecraft:mutton":24,"spore:tendons":5,"pointblank:moa_hg":1,"minecraft:white_wool":18,"projectvibrantjourneys:icicle":2,"spore:infested_stone":35,"minecraft:leather":4,"mutantsbuff:charged_hammer":3,"minecraft:oak_log":51,"minecraft:yellow_bed":5,"minecraft:gunpowder":89,"max_armory:copper_spear":2,"marbledsarsenal:cm6m_gas_mask":1,"projectvibrantjourneys:spruce_hollow_log":1,"minecraft:blue_bed":1,"minecraft:apple":1,"minecraft:stone_bricks":21,"minecraft:iron_ingot":3,"minecraft:stone_pickaxe":1,"spore:mutated_fiber":284,"pointblank:glock17":1,"minecraft:pumpkin":1,"minecraft:gravel":24,"minecraft:spruce_log":18,"minecraft:white_bed":4,"minecraft:spruce_door":1,"minecraft:spider_eye":11,"minecraft:slime_ball":9,"minecraft:stone_axe":1,"tacz:modern_kinetic_gun":7,"saros__money_mod:euro_200":1,"projectvibrantjourneys:orange_bark_mushroom":1,"minecraft:black_wool":1,"minecraft:coal":128,"minecraft:ender_pearl":2},"minecraft:used":{"minecraft:iron_shovel":1,"minecraft:ladder":11,"minecraft:chest":14,"spore:corrupted_record":4,"minecraft:iron_chestplate":1,"minecraft:blue_orchid":1,"minecraft:quartz_block":2,"marbledsarsenal:police_baton":14,"minecraft:stone_bricks":11,"mutantsbuff:charged_hammer":841,"mutantmonsters:hulk_hammer":24,"minecraft:furnace":5,"securitycraft:reinforced_oak_button":1,"minecraft:potato":37,"table_top_craft:chess_piece_figure":1,"minecraft:stone_pickaxe":198,"minecraft:oak_planks":41,"minecraft:white_wool":6,"minecraft:lever":2,"minecraft:bread":76,"minecraft:iron_door":5,"minecraft:spruce_planks":39,"minecraft:cooked_chicken":7,"minecraft:torch":96,"mutantmonsters:creeper_shard":8,"marbledsarsenal:steel_baseball_bat":5,"max_armory:diamond_spear":1,"minecraft:pumpkin":1,"farmersdelight:fried_egg":2,"securitycraft:reinforced_oak_planks":2,"securitycraft:reinforced_cobblestone":147,"securitycraft:reinforced_stone_bricks":7,"minecraft:crafting_table":11,"minecraft:white_bed":4,"minecraft:oak_log":1,"minecraft:gray_terracotta":1,"securitycraft:reinforced_lever":1,"spore:saber":33,"minecraft:iron_pickaxe":256,"minecraft:stone_slab":1,"minecraft:stone_axe":42,"minecraft:cobblestone":387,"minecraft:cooked_porkchop":47,"minecraft:yellow_bed":5,"minecraft:jukebox":1},"minecraft:mined":{"spore:fungal_roots":9,"minecraft:spruce_planks":8,"minecraft:white_bed":4,"spore:wall_growths":26,"spore:infested_cobblestone":1,"minecraft:grass_block":6,"spore:fungal_stem":12,"minecraft:spawner":2,"spore:mycelium_veins":3,"minecraft:tall_seagrass":2,"minecraft:iron_ore":19,"spore:infested_stone":5,"minecraft:pumpkin":1,"spore:growth_mycelium":14,"minecraft:blue_orchid":1,"create:limestone":1,"minecraft:gray_terracotta":2,"minecraft:quartz_block":14,"spore:growths_big":22,"minecraft:torch":18,"projectvibrantjourneys:twigs":8,"minecraft:chest":2,"minecraft:cobblestone":36,"projectvibrantjourneys:fallen_leaves":3,"minecraft:oak_planks":5,"minecraft:iron_door":3,"minecraft:wall_torch":7,"projectvibrantjourneys:bones":1,"minecraft:grass":19,"minecraft:oak_log":45,"projectvibrantjourneys:short_grass":20,"minecraft:dirt":17,"spore:hanging_fungal_stem":2,"minecraft:oak_leaves":4,"minecraft:deepslate":6,"spore:remains":4,"minecraft:tuff":1,"spore:wall_growths_big":33,"minecraft:mossy_cobblestone":3,"projectvibrantjourneys:rocks":2,"psg:sulphur_ore":11,"minecraft:glow_lichen":1,"minecraft:lever":1,"minecraft:ladder":3,"minecraft:white_stained_glass":6,"minecraft:spruce_leaves":1,"minecraft:moss_block":3,"spore:growths_small":14,"minecraft:large_fern":1,"minecraft:furnace":2,"spore:blomfung":28,"projectvibrantjourneys:orange_bark_mushroom":1,"minecraft:andesite":1,"minecraft:stripped_spruce_log":5,"minecraft:deepslate_iron_ore":2,"minecraft:vine":1,"minecraft:stone":819,"minecraft:white_wool":3,"projectvibrantjourneys:icicle":1,"minecraft:hanging_roots":1,"ecologics:thin_ice":3,"minecraft:oak_fence":1,"minecraft:crafting_table":2,"minecraft:stone_slab":4,"minecraft:tall_grass":5,"minecraft:blue_bed":1,"spore:bloomfung2":36,"minecraft:spruce_log":18,"minecraft:yellow_bed":5,"spore:fungal_stem_top":2,"k_turrets:titanium_ore":2,"projectvibrantjourneys:spruce_hollow_log":1,"minecraft:coal_ore":120,"minecraft:gravel":13,"pointblank:workstation":1,"minecraft:cracked_stone_bricks":2,"minecraft:stone_bricks":13,"minecraft:fern":3}},"DataVersion":3465}