{"stats":{"minecraft:killed":{"minecraft:pig":10,"hordes:zombie_player":3,"spore:inf_wanderer":1,"minecraft:zombie_villager":2,"alexsmobs:raccoon":5,"spore:leaper":1,"spore:inf_drowned":2,"spore:inf_pillager":1,"minecraft:sheep":4,"spore:inf_villager":1,"spore:inf_human":19,"minecraft:zombie":33,"minecraft:chicken":4,"alexsmobs:fly":2,"alexsmobs:crow":3,"minecraft:cow":4},"minecraft:picked_up":{"pointblank:ammocreative":1999998,"spore:mutated_heart":1,"minecraft:feather":5,"minecraft:chicken":3,"projectvibrantjourneys:fallen_leaves":2,"minecraft:leather":4,"pointblank:m9":2,"minecraft:stone_slab":1,"minecraft:oak_log":25,"minecraft:yellow_bed":1,"minecraft:gunpowder":4,"minecraft:dirt":1,"spore:innards":1,"minecraft:string":2,"minecraft:bone":4,"minecraft:stone_bricks":2,"minecraft:wheat_seeds":1,"pointblank:ammo9mm":1000000,"minecraft:beef":8,"minecraft:iron_ingot":3,"minecraft:stone_pickaxe":1,"spore:mutated_fiber":21,"pointblank:tti_viper":1,"minecraft:sugar_cane":1,"minecraft:phantom_membrane":2,"minecraft:dark_oak_door":1,"minecraft:stick":6,"spore:cerebrum":1,"pointblank:glock17":1,"minecraft:oak_door":1,"minecraft:copper_ingot":1,"spore:armor_fragment":3,"minecraft:porkchop":20,"pointblank:gunmetal_nugget":108,"minecraft:spider_eye":1,"alexsmobs:animal_dictionary":1,"spore:claw_fragment":4,"pointblank:m1911a1":5,"minecraft:quartz_block":4,"minecraft:rotten_flesh":28,"minecraft:slime_ball":2,"minecraft:stone_axe":1,"minecraft:bread":38,"projectvibrantjourneys:orange_bark_mushroom":1,"alexsmobs:maggot":1,"spore:tendons":5,"minecraft:mutton":7,"minecraft:coal":18,"minecraft:white_wool":7,"minecraft:cobblestone":11},"minecraft:used":{"table_top_craft:chess_piece_figure":1,"minecraft:stone_pickaxe":40,"minecraft:oak_planks":6,"minecraft:chest":2,"minecraft:white_wool":6,"minecraft:crafting_table":1,"minecraft:bread":7,"marbledsarsenal:police_baton":14,"minecraft:stone_axe":28,"minecraft:furnace":1,"minecraft:yellow_bed":1},"minecraft:killed_by":{"minecraft:zombie_villager":1,"mutantmonsters:mutant_zombie":2,"spore:busser":1,"minecraft:zombie":5,"spore:inf_wanderer":1},"minecraft:custom":{"minecraft:interact_with_furnace":1,"minecraft:mob_kills":97,"minecraft:interact_with_crafting_table":4,"minecraft:damage_dealt_resisted":60,"minecraft:leave_game":2,"minecraft:time_since_death":9986,"minecraft:sleep_in_bed":1,"minecraft:climb_one_cm":528,"minecraft:time_since_rest":10037,"minecraft:sprint_one_cm":88672,"minecraft:damage_taken":3191,"minecraft:walk_one_cm":384210,"minecraft:drop":7,"minecraft:damage_dealt":10,"minecraft:swim_one_cm":1457,"minecraft:talked_to_villager":1,"minecraft:fly_one_cm":27177,"minecraft:open_chest":6,"minecraft:crouch_one_cm":280,"minecraft:play_time":49838,"minecraft:deaths":10,"minecraft:sneak_time":33,"minecraft:walk_under_water_one_cm":1356,"minecraft:jump":414,"minecraft:walk_on_water_one_cm":1784,"minecraft:total_world_time":49838,"minecraft:fall_one_cm":6104},"minecraft:mined":{"minecraft:quartz_block":4,"projectvibrantjourneys:rocks":2,"projectvibrantjourneys:twigs":6,"minecraft:white_stained_glass":6,"minecraft:stone_slab":1,"minecraft:tall_grass":1,"projectvibrantjourneys:fallen_leaves":2,"projectvibrantjourneys:bones":1,"projectvibrantjourneys:orange_bark_mushroom":1,"minecraft:yellow_bed":1,"minecraft:coal_ore":18,"minecraft:oak_log":26,"projectvibrantjourneys:short_grass":4,"minecraft:dirt":1,"minecraft:stone":11,"minecraft:stone_bricks":2,"minecraft:white_wool":3,"minecraft:oak_leaves":1,"minecraft:fern":1},"minecraft:crafted":{"minecraft:oak_planks":100,"minecraft:crafting_table":1,"minecraft:furnace":1,"minecraft:chest":2},"minecraft:dropped":{"alexsmobs:animal_dictionary":1,"pointblank:ammo9mm":1,"pointblank:m1911a1":5}},"DataVersion":3465}