{"stats":{"minecraft:crafted":{"minecraft:oak_planks":200,"minecraft:cooked_chicken":17,"minecraft:lever":1,"minecraft:cooked_mutton":13,"securitycraft:reinforced_lever":1,"minecraft:chest":12,"minecraft:iron_door":3,"minecraft:cooked_porkchop":63,"minecraft:crafting_table":9,"minecraft:spruce_planks":122,"farmersdelight:fried_egg":2,"minecraft:iron_chestplate":1,"minecraft:stick":88,"minecraft:iron_ingot":21,"minecraft:iron_pickaxe":1,"securitycraft:reinforced_oak_button":1,"minecraft:furnace":4,"minecraft:ladder":15,"minecraft:stone_pickaxe":1,"minecraft:bucket":2,"minecraft:stone_axe":2,"minecraft:air":0,"minecraft:white_bed":1,"minecraft:torch":132},"minecraft:used":{"minecraft:iron_shovel":1,"minecraft:ladder":11,"spore:biomass_block":4,"minecraft:chest":18,"spore:corrupted_record":4,"minecraft:iron_chestplate":1,"minecraft:lava_bucket":11,"minecraft:blue_orchid":1,"minecraft:quartz_block":2,"marbledsarsenal:police_baton":14,"minecraft:stone_bricks":11,"mutantsbuff:charged_hammer":1058,"mutantmonsters:hulk_hammer":24,"minecraft:furnace":6,"securitycraft:reinforced_oak_button":1,"minecraft:potato":37,"table_top_craft:chess_piece_figure":1,"spore:knife":8,"minecraft:stone_pickaxe":198,"minecraft:oak_planks":45,"minecraft:white_wool":6,"mutantsbuff:upgraded_hulk_hammer":14,"minecraft:lever":2,"minecraft:bread":76,"minecraft:iron_door":5,"minecraft:spruce_planks":39,"minecraft:cooked_chicken":17,"minecraft:torch":152,"mutantmonsters:creeper_shard":8,"marbledsarsenal:steel_baseball_bat":5,"max_armory:diamond_spear":1,"minecraft:pumpkin":1,"farmersdelight:fried_egg":2,"minecraft:water_bucket":39,"securitycraft:reinforced_oak_planks":2,"securitycraft:reinforced_cobblestone":147,"securitycraft:reinforced_stone_bricks":7,"minecraft:crafting_table":13,"minecraft:white_bed":14,"minecraft:oak_log":1,"minecraft:gray_terracotta":1,"securitycraft:reinforced_lever":1,"minecraft:diamond_pickaxe":140,"minecraft:apple":17,"spore:saber":33,"minecraft:iron_pickaxe":256,"minecraft:stone_slab":1,"minecraft:stone_axe":47,"minecraft:cobblestone":977,"minecraft:cooked_porkchop":57,"minecraft:bucket":50,"minecraft:yellow_bed":5,"minecraft:jukebox":1},"minecraft:picked_up":{"spore:mutated_heart":9,"pointblank:ammocreative":1999998,"max_armory:iron_long_sword":2,"minecraft:stone_slab":1,"minecraft:lead":2,"minecraft:potion":1,"securitycraft:reinforced_oak_planks":26,"spore:innards":2,"minecraft:string":17,"max_armory:wooden_machete":1,"create:limestone":1,"spore:corrosive_sack":1,"minecraft:cobbled_deepslate":5,"minecraft:spruce_planks":21,"marbledsarsenal:hazmat_armor_chestplate":2,"pointblank:workstation":1,"minecraft:furnace":2,"minecraft:dark_oak_door":1,"minecraft:golden_helmet":1,"minecraft:stick":25,"minecraft:jukebox":1,"minecraft:oak_fence":3,"minecraft:torch":41,"minecraft:porkchop":74,"psg:sulphur":56,"tacz:attachment":2,"minecraft:golden_chestplate":1,"mutantmonsters:hulk_hammer":3,"pointblank:m1911a1":6,"minecraft:quartz_block":18,"minecraft:rotten_flesh":421,"minecraft:cobblestone":1230,"minecraft:feather":14,"minecraft:iron_door":3,"projectvibrantjourneys:fallen_leaves":2,"pointblank:m9":2,"dummmmmmy:target_dummy":1,"minecraft:tuff":1,"securitycraft:reinforced_ladder":1,"marbledsarsenal:stop_sign":1,"minecraft:map":25,"minecraft:dirt":40,"pointblank:at4":1,"minecraft:leather_boots":1,"minecraft:bone":66,"minecraft:gray_terracotta":5,"minecraft:wheat_seeds":6,"pointblank:smg_muzzlebrake":1,"minecraft:glowstone_dust":3,"spore:biomass_block":9,"minecraft:oak_planks":7,"securitycraft:universal_block_reinforcer_lvl3":1,"spore:cerebrum":3,"spore:armor_fragment":68,"minecraft:stripped_spruce_log":5,"marbledsarsenal:black_gp5_gas_mask":1,"alexsmobs:animal_dictionary":1,"minecraft:mossy_cobblestone":3,"spore:claw_fragment":66,"marbledsarsenal:hazmat_armor_leggings":2,"spore:corrupted_record":4,"minecraft:lever":3,"marbledsarsenal:steel_baseball_bat":3,"minecraft:crossbow":1,"minecraft:emerald":6,"minecraft:bread":38,"alexsmobs:maggot":2,"spore:spine_fragment":7,"pointblank:mk23":1,"minecraft:crafting_table":4,"minecraft:chicken":21,"minecraft:ladder":3,"spore:saber":2,"minecraft:moss_carpet":1,"tacz:ammo":3999996,"minecraft:iron_shovel":4,"minecraft:blue_orchid":1,"minecraft:cracked_stone_bricks":1,"pointblank:ammo9mm":1000000,"minecraft:beef":43,"spore:membrane_block":3,"minecraft:light_gray_wool":1,"pointblank:tti_viper":3,"marbledsarsenal:hazmat_armor_boots":2,"minecraft:sugar_cane":1,"minecraft:chest":6,"pointblank:javelin_rocket":999999,"minecraft:phantom_membrane":4,"minecraft:egg":4,"max_armory:diamond_spear":1,"spore:tumor":9,"spore:knife":1,"minecraft:raw_iron":21,"securitycraft:reinforced_cobblestone":149,"minecraft:oak_door":3,"spore:wing_membrane":13,"minecraft:copper_ingot":2,"pointblank:gunmetal_nugget":961,"pointblank:javelin":1,"mutantmonsters:creeper_shard":2,"k_turrets:raw_titanium":1,"securitycraft:reinforced_stone_bricks":7,"spore:alveolic_sack":1,"spore:tendons":5,"minecraft:mutton":24,"pointblank:moa_hg":1,"minecraft:white_wool":18,"spore:rooted_biomass":1,"projectvibrantjourneys:icicle":2,"spore:infested_stone":35,"minecraft:leather":4,"mutantsbuff:charged_hammer":3,"minecraft:oak_log":51,"minecraft:yellow_bed":5,"minecraft:gunpowder":91,"max_armory:copper_spear":4,"marbledsarsenal:cm6m_gas_mask":1,"projectvibrantjourneys:spruce_hollow_log":1,"minecraft:blue_bed":1,"minecraft:apple":1,"minecraft:stone_bricks":21,"minecraft:iron_ingot":3,"minecraft:stone_pickaxe":1,"spore:mutated_fiber":322,"pointblank:glock17":1,"minecraft:pumpkin":1,"minecraft:gravel":24,"minecraft:white_bed":13,"minecraft:spruce_log":18,"minecraft:spruce_door":1,"minecraft:spider_eye":11,"minecraft:leather_helmet":1,"pointblank:at4_rocket":999999,"minecraft:slime_ball":9,"minecraft:stone_axe":1,"mutantmonsters:endersoul_hand":1,"tacz:modern_kinetic_gun":8,"saros__money_mod:euro_200":1,"mutantsbuff:upgraded_hulk_hammer":1,"projectvibrantjourneys:orange_bark_mushroom":1,"minecraft:black_wool":1,"minecraft:coal":128,"minecraft:ender_pearl":2},"minecraft:broken":{"minecraft:golden_helmet":1,"marbledsarsenal:hazmat_armor_boots":2,"minecraft:stone_pickaxe":1,"marbledsarsenal:cm6m_gas_mask":1,"marbledsarsenal:hazmat_armor_leggings":2,"minecraft:leather_helmet":1,"marbledsarsenal:hazmat_armor_chestplate":2,"minecraft:leather_boots":1,"minecraft:iron_pickaxe":1,"mutantsbuff:charged_hammer":2},"minecraft:custom":{"minecraft:interact_with_crafting_table":46,"minecraft:bell_ring":2,"minecraft:leave_game":6,"minecraft:time_since_death":123929,"minecraft:sprint_one_cm":1238636,"minecraft:drop":80,"minecraft:talked_to_villager":8,"minecraft:play_time":736657,"minecraft:deaths":100,"minecraft:jump":5891,"minecraft:walk_on_water_one_cm":338718,"minecraft:interact_with_furnace":47,"minecraft:play_record":4,"minecraft:interact_with_loom":1,"minecraft:sleep_in_bed":5,"minecraft:damage_dealt":2911,"minecraft:crouch_one_cm":67702,"minecraft:mob_kills":1775,"minecraft:damage_dealt_resisted":7638,"minecraft:climb_one_cm":52967,"minecraft:walk_one_cm":3424167,"minecraft:sneak_time":21501,"minecraft:walk_under_water_one_cm":249869,"minecraft:total_world_time":736657,"minecraft:time_since_rest":123947,"minecraft:damage_taken":34996,"minecraft:swim_one_cm":67456,"minecraft:fly_one_cm":798351,"minecraft:open_chest":98,"minecraft:fall_one_cm":128804},"minecraft:killed":{"spore:braiomil":11,"spore:leaper":5,"minecraft:zombie_horse":15,"minecraft:bee":1,"minecraft:chicken":23,"spore:delusioner":1,"spore:spitter":4,"spore:vigil":1,"minecraft:pig":36,"spore:inf_player":29,"spore:inf_wanderer":1,"minecraft:zombie_villager":19,"minecraft:salmon":1,"spore:scamper":5,"spore:inf_drowned":4,"hordes:drowned_player":1,"spore:umarmed":3,"minecraft:sheep":22,"spore:inf_villager":60,"minecraft:trader_llama":2,"spore:mound":8,"minecraft:zombie":852,"spore:inf_human":286,"spore:howler":4,"alexsmobs:fly":9,"spore:knight":10,"minecraft:cow":13,"hordes:zombie_player":18,"alexsmobs:raccoon":9,"spore:inquisitor":4,"spore:griefer":12,"alexsmobs:blue_jay":1,"spore:verva":1,"spore:usurper":1,"minecraft:drowned":62,"spore:braurei":1,"minecraft:husk":71,"spore:brute":1,"minecraft:wandering_trader":1,"spore:inf_pillager":75,"spore:brot":3,"alexsmobs:catfish":3,"alexsmobs:gelada_monkey":1,"spore:inf_witch":6,"alexsmobs:crow":9,"spore:busser":27,"mutantmonsters:mutant_zombie":2,"spore:inf_husk":14,"spore:slasher":6,"minecraft:villager":1},"minecraft:killed_by":{"minecraft:zombie_villager":1,"mutantmonsters:mutant_zombie":3,"spore:knight":2,"spore:inf_human":8,"spore:inquisitor":6,"minecraft:drowned":3,"spore:griefer":1,"spore:inf_pillager":2,"spore:inf_player":6,"spore:inf_villager":5,"minecraft:zombie":17,"minecraft:husk":1,"spore:inf_drowned":1,"spore:busser":19,"spore:inf_vindicator":1,"spore:usurper":6,"spore:delusioner":1,"spore:inf_wanderer":1,"spore:wave":1,"spore:stalker":1,"spore:brot":2},"minecraft:dropped":{"spore:spine_fragment":4,"minecraft:cracked_stone_bricks":1,"mutantsbuff:charged_hammer":1,"minecraft:dirt":24,"projectvibrantjourneys:icicle":1,"minecraft:phantom_membrane":1,"pointblank:m1911a1":5,"dummmmmmy:target_dummy":1,"minecraft:bone":40,"minecraft:gravel":1,"minecraft:stone_axe":1,"minecraft:lever":2,"alexsmobs:animal_dictionary":1,"minecraft:rotten_flesh":129,"minecraft:oak_planks":3,"max_armory:wooden_machete":1,"psg:sulphur":3,"securitycraft:reinforced_oak_planks":16,"minecraft:gunpowder":1,"minecraft:quartz_block":2,"k_turrets:raw_titanium":1,"create:limestone":1,"minecraft:arrow":5,"minecraft:iron_ingot":1,"minecraft:mossy_cobblestone":1,"minecraft:oak_fence":1,"minecraft:feather":2,"minecraft:cobblestone":1,"pointblank:ammo9mm":1,"minecraft:stick":9,"spore:tumor":3,"tacz:modern_kinetic_gun":2,"minecraft:string":3,"spore:claw_fragment":4,"spore:mutated_fiber":38,"securitycraft:reinforced_ladder":1,"pointblank:gunmetal_nugget":127,"minecraft:gray_terracotta":4,"max_armory:copper_spear":2,"minecraft:spruce_planks":12,"minecraft:stone_bricks":1,"minecraft:slime_ball":2,"minecraft:black_wool":1},"minecraft:mined":{"spore:fungal_roots":9,"minecraft:spruce_planks":8,"minecraft:white_bed":13,"spore:wall_growths":26,"spore:infested_cobblestone":1,"minecraft:acacia_log":2,"minecraft:grass_block":7,"spore:fungal_stem":12,"minecraft:spawner":2,"spore:mycelium_veins":3,"minecraft:tall_seagrass":2,"minecraft:fire":11,"minecraft:iron_ore":19,"spore:infested_stone":5,"minecraft:pumpkin":1,"spore:growth_mycelium":14,"minecraft:blue_orchid":1,"create:limestone":1,"minecraft:gray_terracotta":2,"minecraft:quartz_block":14,"spore:growths_big":22,"minecraft:torch":19,"projectvibrantjourneys:twigs":8,"minecraft:chest":3,"minecraft:cobblestone":375,"spore:biomass_block":8,"projectvibrantjourneys:fallen_leaves":3,"minecraft:oak_planks":5,"minecraft:iron_door":3,"minecraft:wall_torch":16,"projectvibrantjourneys:bones":1,"minecraft:grass":19,"minecraft:oak_log":45,"projectvibrantjourneys:short_grass":21,"minecraft:dirt":17,"spore:hanging_fungal_stem":2,"minecraft:oak_leaves":4,"minecraft:deepslate":6,"spore:remains":4,"minecraft:tuff":1,"spore:wall_growths_big":33,"minecraft:mossy_cobblestone":3,"projectvibrantjourneys:rocks":2,"psg:sulphur_ore":11,"minecraft:glow_lichen":1,"minecraft:lever":1,"minecraft:ladder":3,"minecraft:white_stained_glass":6,"spore:rooted_biomass":1,"minecraft:spruce_leaves":1,"minecraft:moss_block":3,"spore:growths_small":14,"minecraft:large_fern":1,"minecraft:furnace":2,"spore:blomfung":28,"projectvibrantjourneys:orange_bark_mushroom":1,"minecraft:andesite":1,"minecraft:stripped_spruce_log":5,"minecraft:deepslate_iron_ore":2,"minecraft:vine":1,"minecraft:stone":822,"minecraft:white_wool":3,"projectvibrantjourneys:icicle":1,"minecraft:hanging_roots":1,"ecologics:thin_ice":3,"minecraft:oak_fence":1,"minecraft:crafting_table":2,"minecraft:stone_slab":4,"minecraft:tall_grass":5,"spore:membrane_block":1,"minecraft:blue_bed":1,"spore:bloomfung2":36,"minecraft:spruce_log":18,"minecraft:yellow_bed":5,"spore:fungal_stem_top":2,"k_turrets:titanium_ore":2,"projectvibrantjourneys:spruce_hollow_log":1,"minecraft:coal_ore":120,"minecraft:gravel":13,"pointblank:workstation":1,"minecraft:cracked_stone_bricks":2,"minecraft:stone_bricks":13,"minecraft:fern":3}},"DataVersion":3465}