{"stats":{"minecraft:killed":{"minecraft:pig":11,"hordes:zombie_player":3,"spore:inf_wanderer":1,"minecraft:zombie_villager":2,"spore:braiomil":1,"alexsmobs:raccoon":5,"spore:leaper":1,"spore:inf_drowned":2,"spore:inf_pillager":1,"minecraft:sheep":4,"spore:inf_villager":1,"spore:inf_human":25,"minecraft:zombie":71,"minecraft:chicken":4,"spore:inf_witch":3,"alexsmobs:fly":4,"alexsmobs:crow":4,"minecraft:cow":4},"minecraft:picked_up":{"pointblank:ammocreative":1999998,"spore:mutated_heart":2,"minecraft:feather":5,"minecraft:chicken":3,"projectvibrantjourneys:fallen_leaves":2,"minecraft:leather":4,"pointblank:m9":2,"minecraft:stone_slab":1,"minecraft:potion":1,"minecraft:tuff":1,"minecraft:oak_log":26,"minecraft:yellow_bed":1,"minecraft:gunpowder":8,"minecraft:dirt":1,"spore:innards":1,"minecraft:string":4,"create:limestone":1,"minecraft:bone":6,"minecraft:stone_bricks":2,"minecraft:wheat_seeds":1,"minecraft:cobbled_deepslate":5,"pointblank:ammo9mm":1000000,"minecraft:beef":8,"minecraft:iron_ingot":3,"minecraft:stone_pickaxe":1,"spore:mutated_fiber":31,"pointblank:tti_viper":2,"minecraft:glowstone_dust":3,"minecraft:sugar_cane":1,"minecraft:oak_planks":5,"minecraft:phantom_membrane":2,"minecraft:dark_oak_door":1,"minecraft:golden_helmet":1,"minecraft:raw_iron":8,"minecraft:stick":20,"spore:cerebrum":2,"pointblank:glock17":1,"minecraft:oak_door":1,"minecraft:copper_ingot":1,"minecraft:oak_fence":1,"spore:armor_fragment":3,"minecraft:gravel":1,"psg:sulphur":52,"minecraft:porkchop":22,"pointblank:gunmetal_nugget":155,"minecraft:spider_eye":3,"alexsmobs:animal_dictionary":1,"minecraft:mossy_cobblestone":2,"spore:claw_fragment":6,"pointblank:m1911a1":5,"minecraft:quartz_block":6,"minecraft:rotten_flesh":62,"minecraft:slime_ball":3,"minecraft:stone_axe":1,"k_turrets:raw_titanium":1,"minecraft:bread":38,"projectvibrantjourneys:orange_bark_mushroom":1,"alexsmobs:maggot":1,"spore:alveolic_sack":1,"spore:tendons":5,"minecraft:mutton":7,"minecraft:coal":47,"minecraft:white_wool":7,"minecraft:cobblestone":13,"minecraft:ender_pearl":1},"minecraft:used":{"table_top_craft:chess_piece_figure":1,"minecraft:stone_pickaxe":112,"minecraft:oak_planks":37,"minecraft:chest":2,"minecraft:white_wool":6,"minecraft:torch":3,"minecraft:crafting_table":1,"minecraft:bread":11,"marbledsarsenal:police_baton":14,"minecraft:stone_axe":34,"minecraft:furnace":1,"minecraft:cooked_porkchop":1,"minecraft:yellow_bed":1},"minecraft:killed_by":{"minecraft:zombie_villager":1,"mutantmonsters:mutant_zombie":2,"spore:busser":1,"minecraft:zombie":5,"spore:inf_wanderer":1},"minecraft:custom":{"minecraft:interact_with_furnace":4,"minecraft:mob_kills":151,"minecraft:interact_with_crafting_table":4,"minecraft:bell_ring":2,"minecraft:damage_dealt_resisted":80,"minecraft:leave_game":2,"minecraft:time_since_death":33986,"minecraft:sleep_in_bed":1,"minecraft:climb_one_cm":1586,"minecraft:time_since_rest":34037,"minecraft:sprint_one_cm":112519,"minecraft:damage_taken":3491,"minecraft:walk_one_cm":558481,"minecraft:drop":15,"minecraft:damage_dealt":10,"minecraft:swim_one_cm":1457,"minecraft:talked_to_villager":1,"minecraft:fly_one_cm":35735,"minecraft:open_chest":7,"minecraft:crouch_one_cm":2116,"minecraft:play_time":73838,"minecraft:deaths":10,"minecraft:sneak_time":540,"minecraft:walk_under_water_one_cm":1356,"minecraft:jump":658,"minecraft:walk_on_water_one_cm":2200,"minecraft:total_world_time":73838,"minecraft:fall_one_cm":8758},"minecraft:crafted":{"minecraft:oak_planks":104,"minecraft:cooked_porkchop":14,"minecraft:crafting_table":1,"minecraft:furnace":1,"minecraft:air":0,"minecraft:chest":2,"minecraft:torch":56},"minecraft:mined":{"minecraft:tuff":1,"minecraft:quartz_block":6,"minecraft:mossy_cobblestone":2,"projectvibrantjourneys:rocks":2,"psg:sulphur_ore":11,"minecraft:oak_fence":1,"minecraft:glow_lichen":1,"projectvibrantjourneys:twigs":6,"minecraft:white_stained_glass":6,"minecraft:stone_slab":1,"minecraft:tall_grass":1,"minecraft:moss_block":1,"minecraft:oak_planks":5,"projectvibrantjourneys:fallen_leaves":2,"minecraft:iron_ore":6,"projectvibrantjourneys:bones":1,"projectvibrantjourneys:orange_bark_mushroom":1,"minecraft:andesite":1,"minecraft:deepslate_iron_ore":2,"minecraft:yellow_bed":1,"minecraft:vine":1,"k_turrets:titanium_ore":1,"minecraft:coal_ore":47,"minecraft:oak_log":27,"projectvibrantjourneys:short_grass":4,"minecraft:gravel":1,"minecraft:dirt":1,"minecraft:cracked_stone_bricks":2,"create:limestone":1,"minecraft:stone":13,"minecraft:stone_bricks":4,"minecraft:deepslate":6,"minecraft:white_wool":3,"minecraft:oak_leaves":1,"minecraft:fern":1},"minecraft:dropped":{"minecraft:gravel":1,"alexsmobs:animal_dictionary":1,"minecraft:oak_fence":1,"pointblank:ammo9mm":1,"minecraft:dirt":1,"minecraft:quartz_block":2,"create:limestone":1,"k_turrets:raw_titanium":1,"minecraft:string":1,"minecraft:bone":2,"pointblank:m1911a1":5}},"DataVersion":3465}