{"stats":{"minecraft:killed":{"minecraft:pig":11,"hordes:zombie_player":3,"spore:inf_wanderer":1,"minecraft:zombie_villager":2,"spore:braiomil":1,"alexsmobs:raccoon":5,"spore:leaper":1,"spore:inf_drowned":2,"spore:inf_pillager":1,"minecraft:sheep":4,"spore:inf_villager":1,"spore:inf_human":25,"minecraft:zombie":63,"minecraft:chicken":4,"spore:inf_witch":3,"alexsmobs:fly":4,"alexsmobs:crow":4,"minecraft:cow":4},"minecraft:picked_up":{"pointblank:ammocreative":1999998,"spore:mutated_heart":2,"minecraft:feather":5,"minecraft:chicken":3,"projectvibrantjourneys:fallen_leaves":2,"minecraft:leather":4,"pointblank:m9":2,"minecraft:stone_slab":1,"minecraft:potion":1,"minecraft:oak_log":26,"minecraft:yellow_bed":1,"minecraft:gunpowder":7,"minecraft:dirt":1,"spore:innards":1,"minecraft:string":3,"minecraft:bone":6,"minecraft:stone_bricks":2,"minecraft:wheat_seeds":1,"pointblank:ammo9mm":1000000,"minecraft:beef":8,"minecraft:iron_ingot":3,"minecraft:stone_pickaxe":1,"spore:mutated_fiber":31,"pointblank:tti_viper":2,"minecraft:glowstone_dust":3,"minecraft:sugar_cane":1,"minecraft:oak_planks":2,"minecraft:phantom_membrane":2,"minecraft:dark_oak_door":1,"minecraft:stick":20,"spore:cerebrum":2,"pointblank:glock17":1,"minecraft:oak_door":1,"minecraft:copper_ingot":1,"minecraft:oak_fence":1,"spore:armor_fragment":3,"minecraft:gravel":1,"minecraft:porkchop":22,"pointblank:gunmetal_nugget":148,"minecraft:spider_eye":3,"alexsmobs:animal_dictionary":1,"minecraft:mossy_cobblestone":2,"spore:claw_fragment":6,"pointblank:m1911a1":5,"minecraft:quartz_block":6,"minecraft:rotten_flesh":55,"minecraft:slime_ball":3,"minecraft:stone_axe":1,"k_turrets:raw_titanium":1,"minecraft:bread":38,"projectvibrantjourneys:orange_bark_mushroom":1,"alexsmobs:maggot":1,"spore:alveolic_sack":1,"spore:tendons":5,"minecraft:mutton":7,"minecraft:coal":18,"minecraft:white_wool":7,"minecraft:cobblestone":11,"minecraft:ender_pearl":1},"minecraft:used":{"table_top_craft:chess_piece_figure":1,"minecraft:stone_pickaxe":46,"minecraft:oak_planks":33,"minecraft:chest":2,"minecraft:white_wool":6,"minecraft:crafting_table":1,"minecraft:bread":8,"marbledsarsenal:police_baton":14,"minecraft:stone_axe":31,"minecraft:furnace":1,"minecraft:cooked_porkchop":1,"minecraft:yellow_bed":1},"minecraft:killed_by":{"minecraft:zombie_villager":1,"mutantmonsters:mutant_zombie":2,"spore:busser":1,"minecraft:zombie":5,"spore:inf_wanderer":1},"minecraft:custom":{"minecraft:interact_with_furnace":4,"minecraft:mob_kills":141,"minecraft:interact_with_crafting_table":4,"minecraft:bell_ring":2,"minecraft:damage_dealt_resisted":80,"minecraft:leave_game":2,"minecraft:time_since_death":21986,"minecraft:sleep_in_bed":1,"minecraft:climb_one_cm":528,"minecraft:time_since_rest":22037,"minecraft:sprint_one_cm":93285,"minecraft:damage_taken":3371,"minecraft:walk_one_cm":502662,"minecraft:drop":7,"minecraft:damage_dealt":10,"minecraft:swim_one_cm":1457,"minecraft:talked_to_villager":1,"minecraft:fly_one_cm":27757,"minecraft:open_chest":7,"minecraft:crouch_one_cm":2116,"minecraft:play_time":61838,"minecraft:deaths":10,"minecraft:sneak_time":540,"minecraft:walk_under_water_one_cm":1356,"minecraft:jump":476,"minecraft:walk_on_water_one_cm":1784,"minecraft:total_world_time":61838,"minecraft:fall_one_cm":6104},"minecraft:mined":{"minecraft:quartz_block":6,"minecraft:mossy_cobblestone":2,"projectvibrantjourneys:rocks":2,"minecraft:oak_fence":1,"projectvibrantjourneys:twigs":6,"minecraft:white_stained_glass":6,"minecraft:stone_slab":1,"minecraft:tall_grass":1,"minecraft:oak_planks":2,"projectvibrantjourneys:fallen_leaves":2,"projectvibrantjourneys:bones":1,"projectvibrantjourneys:orange_bark_mushroom":1,"minecraft:yellow_bed":1,"k_turrets:titanium_ore":1,"minecraft:coal_ore":18,"minecraft:oak_log":27,"projectvibrantjourneys:short_grass":4,"minecraft:gravel":1,"minecraft:dirt":1,"minecraft:stone":11,"minecraft:stone_bricks":2,"minecraft:white_wool":3,"minecraft:oak_leaves":1,"minecraft:fern":1},"minecraft:crafted":{"minecraft:oak_planks":100,"minecraft:cooked_porkchop":14,"minecraft:crafting_table":1,"minecraft:furnace":1,"minecraft:air":0,"minecraft:chest":2},"minecraft:dropped":{"alexsmobs:animal_dictionary":1,"pointblank:ammo9mm":1,"pointblank:m1911a1":5}},"DataVersion":3465}