{"stats":{"minecraft:crafted":{"minecraft:oak_planks":132,"minecraft:furnace":2,"minecraft:ladder":6,"minecraft:stone_pickaxe":1,"minecraft:chest":4,"minecraft:cooked_porkchop":15,"minecraft:crafting_table":5,"minecraft:spruce_planks":74,"minecraft:air":0,"minecraft:iron_chestplate":1,"minecraft:stick":36,"minecraft:iron_pickaxe":1,"minecraft:iron_ingot":8,"minecraft:torch":56},"minecraft:used":{"minecraft:chest":4,"minecraft:spruce_planks":39,"minecraft:iron_chestplate":1,"minecraft:torch":65,"minecraft:blue_orchid":1,"minecraft:quartz_block":2,"marbledsarsenal:police_baton":14,"minecraft:stone_bricks":2,"marbledsarsenal:steel_baseball_bat":4,"mutantsbuff:charged_hammer":108,"minecraft:furnace":2,"minecraft:pumpkin":1,"minecraft:potato":37,"table_top_craft:chess_piece_figure":1,"minecraft:stone_pickaxe":198,"minecraft:oak_planks":41,"minecraft:white_wool":6,"minecraft:crafting_table":5,"minecraft:white_bed":1,"minecraft:oak_log":1,"minecraft:gray_terracotta":1,"minecraft:bread":69,"spore:saber":27,"minecraft:iron_pickaxe":31,"minecraft:stone_slab":1,"minecraft:stone_axe":36,"minecraft:cobblestone":90,"minecraft:cooked_porkchop":15,"minecraft:yellow_bed":2},"minecraft:picked_up":{"minecraft:crafting_table":1,"pointblank:mk23":1,"pointblank:ammocreative":1999998,"spore:mutated_heart":5,"minecraft:chicken":11,"minecraft:stone_slab":1,"minecraft:lead":2,"minecraft:potion":1,"securitycraft:reinforced_oak_planks":10,"spore:innards":1,"minecraft:string":12,"spore:saber":1,"minecraft:moss_carpet":1,"create:limestone":1,"tacz:ammo":999999,"spore:corrosive_sack":1,"minecraft:blue_orchid":1,"minecraft:cracked_stone_bricks":1,"minecraft:cobbled_deepslate":5,"pointblank:ammo9mm":1000000,"minecraft:spruce_planks":9,"minecraft:beef":9,"pointblank:tti_viper":3,"minecraft:sugar_cane":1,"minecraft:phantom_membrane":2,"minecraft:dark_oak_door":1,"minecraft:golden_helmet":1,"spore:tumor":3,"minecraft:stick":20,"minecraft:raw_iron":8,"minecraft:oak_door":3,"minecraft:copper_ingot":1,"minecraft:oak_fence":3,"minecraft:torch":21,"minecraft:porkchop":23,"pointblank:gunmetal_nugget":447,"psg:sulphur":52,"pointblank:m1911a1":6,"minecraft:quartz_block":18,"minecraft:rotten_flesh":251,"k_turrets:raw_titanium":1,"spore:alveolic_sack":1,"spore:tendons":5,"minecraft:mutton":8,"pointblank:moa_hg":1,"minecraft:white_wool":8,"minecraft:cobblestone":151,"minecraft:feather":5,"projectvibrantjourneys:icicle":2,"projectvibrantjourneys:fallen_leaves":2,"minecraft:leather":4,"pointblank:m9":2,"mutantsbuff:charged_hammer":2,"minecraft:tuff":1,"minecraft:oak_log":34,"minecraft:yellow_bed":2,"minecraft:gunpowder":38,"projectvibrantjourneys:spruce_hollow_log":1,"minecraft:map":25,"minecraft:dirt":6,"minecraft:blue_bed":1,"minecraft:bone":28,"minecraft:stone_bricks":14,"minecraft:gray_terracotta":5,"minecraft:wheat_seeds":3,"minecraft:iron_ingot":3,"pointblank:smg_muzzlebrake":1,"minecraft:stone_pickaxe":1,"spore:mutated_fiber":88,"minecraft:glowstone_dust":3,"minecraft:oak_planks":7,"securitycraft:universal_block_reinforcer_lvl3":1,"spore:cerebrum":3,"pointblank:glock17":1,"minecraft:pumpkin":1,"spore:armor_fragment":9,"minecraft:gravel":1,"minecraft:stripped_spruce_log":5,"minecraft:white_bed":1,"minecraft:spruce_log":1,"minecraft:spruce_door":1,"minecraft:spider_eye":10,"alexsmobs:animal_dictionary":1,"minecraft:mossy_cobblestone":3,"spore:claw_fragment":11,"minecraft:slime_ball":7,"minecraft:stone_axe":1,"tacz:modern_kinetic_gun":1,"marbledsarsenal:steel_baseball_bat":1,"minecraft:emerald":2,"minecraft:bread":38,"alexsmobs:maggot":2,"spore:spine_fragment":3,"projectvibrantjourneys:orange_bark_mushroom":1,"minecraft:coal":49,"minecraft:ender_pearl":2},"minecraft:broken":{"minecraft:golden_helmet":1,"minecraft:stone_pickaxe":1},"minecraft:custom":{"minecraft:mob_kills":590,"minecraft:interact_with_crafting_table":14,"minecraft:bell_ring":2,"minecraft:damage_dealt_resisted":1650,"minecraft:leave_game":6,"minecraft:time_since_death":196,"minecraft:climb_one_cm":7085,"minecraft:sprint_one_cm":611832,"minecraft:walk_one_cm":1394341,"minecraft:drop":27,"minecraft:talked_to_villager":8,"minecraft:play_time":259496,"minecraft:deaths":33,"minecraft:sneak_time":2411,"minecraft:walk_under_water_one_cm":14308,"minecraft:jump":2014,"minecraft:walk_on_water_one_cm":20735,"minecraft:total_world_time":259496,"minecraft:interact_with_furnace":12,"minecraft:interact_with_loom":1,"minecraft:sleep_in_bed":2,"minecraft:time_since_rest":230,"minecraft:damage_taken":11575,"minecraft:damage_dealt":1186,"minecraft:swim_one_cm":31789,"minecraft:fly_one_cm":250586,"minecraft:open_chest":40,"minecraft:crouch_one_cm":8006,"minecraft:fall_one_cm":44199},"minecraft:killed":{"hordes:zombie_player":7,"alexsmobs:raccoon":6,"spore:braiomil":1,"spore:leaper":1,"spore:griefer":2,"minecraft:bee":1,"minecraft:chicken":15,"spore:usurper":1,"spore:spitter":4,"minecraft:pig":12,"spore:inf_player":2,"spore:inf_wanderer":1,"minecraft:zombie_villager":10,"minecraft:wandering_trader":1,"spore:inf_drowned":4,"spore:inf_pillager":7,"spore:umarmed":1,"minecraft:sheep":5,"spore:inf_villager":8,"minecraft:trader_llama":2,"minecraft:zombie":366,"spore:inf_human":97,"spore:inf_witch":5,"alexsmobs:fly":7,"alexsmobs:crow":5,"spore:busser":1,"minecraft:villager":1,"minecraft:cow":5},"minecraft:dropped":{"minecraft:mossy_cobblestone":1,"minecraft:oak_fence":1,"minecraft:cobblestone":1,"pointblank:ammo9mm":1,"minecraft:cracked_stone_bricks":1,"mutantsbuff:charged_hammer":1,"minecraft:dirt":6,"projectvibrantjourneys:icicle":1,"spore:tumor":3,"minecraft:string":1,"spore:claw_fragment":3,"pointblank:m1911a1":5,"minecraft:bone":2,"minecraft:gravel":1,"alexsmobs:animal_dictionary":1,"minecraft:rotten_flesh":11,"minecraft:gray_terracotta":4,"minecraft:quartz_block":2,"k_turrets:raw_titanium":1,"create:limestone":1,"minecraft:arrow":5},"minecraft:killed_by":{"minecraft:zombie_villager":1,"mutantmonsters:mutant_zombie":2,"spore:busser":7,"spore:inf_human":1,"spore:usurper":2,"spore:inquisitor":1,"minecraft:drowned":1,"spore:inf_wanderer":1,"spore:inf_pillager":1,"spore:inf_player":2,"spore:wave":1,"minecraft:zombie":9,"spore:stalker":1},"minecraft:mined":{"minecraft:tuff":1,"minecraft:spruce_planks":8,"minecraft:white_bed":1,"minecraft:mossy_cobblestone":3,"projectvibrantjourneys:rocks":2,"psg:sulphur_ore":11,"minecraft:glow_lichen":1,"minecraft:grass_block":6,"minecraft:white_stained_glass":6,"minecraft:spruce_leaves":1,"minecraft:moss_block":3,"minecraft:spawner":2,"minecraft:large_fern":1,"minecraft:tall_seagrass":2,"minecraft:iron_ore":6,"projectvibrantjourneys:orange_bark_mushroom":1,"minecraft:andesite":1,"minecraft:stripped_spruce_log":5,"minecraft:pumpkin":1,"minecraft:deepslate_iron_ore":2,"minecraft:vine":1,"minecraft:stone":155,"minecraft:blue_orchid":1,"minecraft:white_wool":3,"create:limestone":1,"projectvibrantjourneys:icicle":1,"minecraft:gray_terracotta":2,"minecraft:quartz_block":14,"minecraft:hanging_roots":1,"ecologics:thin_ice":3,"minecraft:oak_fence":1,"minecraft:crafting_table":1,"minecraft:torch":14,"projectvibrantjourneys:twigs":7,"minecraft:stone_slab":3,"minecraft:tall_grass":1,"minecraft:cobblestone":9,"projectvibrantjourneys:fallen_leaves":2,"minecraft:oak_planks":5,"minecraft:blue_bed":1,"minecraft:wall_torch":5,"minecraft:spruce_log":1,"projectvibrantjourneys:bones":1,"minecraft:yellow_bed":2,"k_turrets:titanium_ore":1,"minecraft:grass":3,"minecraft:oak_log":29,"projectvibrantjourneys:spruce_hollow_log":1,"minecraft:coal_ore":49,"projectvibrantjourneys:short_grass":10,"minecraft:gravel":1,"minecraft:dirt":3,"minecraft:cracked_stone_bricks":2,"minecraft:stone_bricks":7,"minecraft:oak_leaves":3,"minecraft:deepslate":6,"minecraft:fern":2}},"DataVersion":3465}