{"stats":{"minecraft:killed":{"hordes:zombie_player":1,"minecraft:salmon":1,"mutantmonsters:mutant_zombie":1},"minecraft:picked_up":{"pointblank:glock17":1,"marbledsarsenal:police_baton":1,"minecraft:oak_door":1,"projectvibrantjourneys:fallen_leaves":2,"pointblank:gunmetal_nugget":2,"minecraft:ink_sac":1,"marbledsarsenal:cm6m_gas_mask":1,"minecraft:cornflower":2,"alexsmobs:animal_dictionary":1,"minecraft:lantern":1,"pointblank:m1911a1":1,"pointblank:ammo45acp":56,"minecraft:leather_boots":1,"minecraft:blue_orchid":1,"minecraft:wheat_seeds":4,"pointblank:ammo9mm":1,"minecraft:bread":9},"minecraft:used":{"minecraft:iron_bars":1,"minecraft:lantern":6,"minecraft:oak_door":2,"minecraft:torch":4,"minecraft:potion":1,"minecraft:soul_torch":2},"minecraft:custom":{"minecraft:time_since_rest":49217,"minecraft:sprint_one_cm":8197,"minecraft:walk_one_cm":45484,"minecraft:mob_kills":3,"minecraft:drop":13,"minecraft:damage_dealt":44,"minecraft:fly_one_cm":475893,"minecraft:open_barrel":1,"minecraft:crouch_one_cm":732,"minecraft:play_time":64824,"minecraft:deaths":1,"minecraft:sneak_time":1951,"minecraft:jump":50,"minecraft:leave_game":10,"minecraft:walk_on_water_one_cm":130,"minecraft:time_since_death":49189,"minecraft:total_world_time":65108,"minecraft:fall_one_cm":209},"minecraft:dropped":{"pointblank:ammocreative":1999998,"minecraft:bread":38,"minecraft:stone_axe":1,"pointblank:tti_viper":1,"pointblank:glock17":2,"minecraft:stone_pickaxe":1,"pointblank:ammo9mm":1000000,"pointblank:m9":1,"pointblank:m1911a1":1}},"DataVersion":3465}