{"stats":{"minecraft:used":{"dummmmmmy:target_dummy":1,"mutantsbuff:mutant_charged_creeper_spawn_egg":3,"spore:infected_human_spawnegg":1,"minecraft:iron_bars":1,"securitycraft:reinforced_cobblestone":1,"minecraft:stone":6,"minecraft:zombie_spawn_egg":19,"spore:corrupted_record":1,"minecraft:oak_door":2,"projectvibrantjourneys:icicle":5,"minecraft:torch":6,"minecraft:anvil":2,"mutantsbuff:upgraded_hulk_hammer":1,"minecraft:snowball":33,"minecraft:lantern":6,"spore:saber":2,"simpleshops:creative_simple_shop":5,"spore:griefer_spawnegg":1,"minecraft:potion":15,"immersive_aircraft:gyrodyne":1,"spore:spitter_spawnegg":4,"immersive_aircraft:biplane":1,"minecraft:splash_potion":3,"minecraft:jukebox":1,"minecraft:soul_torch":2},"minecraft:picked_up":{"spore:mutated_heart":4,"minecraft:feather":3,"spore:calcified_biomass_block":1,"projectvibrantjourneys:icicle":1,"projectvibrantjourneys:fallen_leaves":2,"minecraft:leather":1,"mutantsbuff:charged_hammer":1,"minecraft:oak_log":1,"minecraft:gunpowder":2,"minecraft:cobblestone_wall":1,"immersive_aircraft:gyrodyne":1,"minecraft:cornflower":2,"pointblank:m32mgl":1,"marbledsarsenal:cm6m_gas_mask":1,"minecraft:dirt":4,"minecraft:string":1,"minecraft:lantern":1,"immersive_aircraft:biplane":1,"minecraft:leather_boots":1,"minecraft:bone":3,"minecraft:blue_orchid":1,"minecraft:stone_bricks":2,"minecraft:gray_terracotta":2,"minecraft:wheat_seeds":5,"pointblank:ammo9mm":1,"spore:mutated_fiber":57,"minecraft:stick":6,"spore:cerebrum":5,"marbledsarsenal:police_baton":1,"pointblank:glock17":2,"minecraft:oak_door":2,"minecraft:torch":1,"pointblank:gunmetal_nugget":233,"minecraft:sand":1,"minecraft:ink_sac":1,"minecraft:spider_eye":1,"alexsmobs:animal_dictionary":1,"minecraft:mossy_cobblestone":1,"pointblank:m1911a1":1,"pointblank:ammo45acp":56,"minecraft:rotten_flesh":8,"minecraft:slime_ball":4,"tacz:modern_kinetic_gun":1,"minecraft:crossbow":1,"minecraft:bread":9,"minecraft:snowball":16,"minecraft:cobblestone":7,"minecraft:ender_pearl":1},"minecraft:custom":{"minecraft:mob_kills":70,"minecraft:interact_with_anvil":3,"minecraft:play_record":1,"minecraft:open_barrel":1,"minecraft:damage_dealt_resisted":262,"minecraft:leave_game":37,"minecraft:time_since_death":181536,"minecraft:climb_one_cm":2823,"minecraft:time_since_rest":181608,"minecraft:sprint_one_cm":55334,"minecraft:walk_one_cm":187912,"minecraft:drop":50,"minecraft:damage_dealt":331,"minecraft:fly_one_cm":1344747,"minecraft:open_chest":1,"minecraft:crouch_one_cm":7335,"minecraft:play_time":273078,"minecraft:deaths":2,"minecraft:sneak_time":10023,"minecraft:walk_under_water_one_cm":8624,"minecraft:jump":1433,"minecraft:walk_on_water_one_cm":1585,"minecraft:total_world_time":273362,"minecraft:fall_one_cm":209},"minecraft:killed":{"minecraft:pig":1,"hordes:zombie_player":2,"minecraft:salmon":1,"alexsmobs:raccoon":1,"hordes:drowned_player":1,"spore:inf_pillager":5,"spore:inf_villager":5,"minecraft:zombie":22,"spore:inf_human":30,"mutantmonsters:mutant_zombie":1,"minecraft:cow":1},"minecraft:dropped":{"minecraft:bread":38,"minecraft:stone_axe":1,"pointblank:tti_viper":3,"mutantmonsters:hulk_hammer":2,"securitycraft:universal_block_reinforcer_lvl3":1,"pointblank:m32mgl":1,"pointblank:smg_muzzlebrake":1,"pointblank:glock17":3,"max_armory:iron_long_sword":1,"marbledsarsenal:hazmat_armor_chestplate":1,"mutantmonsters:creeper_shard":1,"marbledsarsenal:black_gp5_gas_mask":1,"pointblank:ammo9mm":1000000,"pointblank:m9":1,"max_armory:wooden_machete":1,"pointblank:ammocreative":1999998,"mutantsbuff:charged_hammer":3,"marbledsarsenal:hazmat_armor_boots":1,"pointblank:moa_hg":1,"marbledsarsenal:stop_sign":1,"max_armory:copper_spear":1,"marbledsarsenal:hazmat_armor_leggings":1,"saros__money_mod:euro_200":1,"max_armory:diamond_spear":1,"tacz:modern_kinetic_gun":6,"tacz:ammo":2999997,"minecraft:stone_pickaxe":1,"pointblank:mk23":1,"marbledsarsenal:steel_baseball_bat":1,"pointblank:m1911a1":2,"spore:saber":1,"tacz:attachment":1}},"DataVersion":3465}