{"stats":{"minecraft:used":{"spore:sieger_spawnegg":6,"dummmmmmy:target_dummy":1,"mutantsbuff:mutant_charged_creeper_spawn_egg":4,"spore:infected_human_spawnegg":1,"minecraft:iron_bars":1,"securitycraft:reinforced_cobblestone":1,"spore:hinden_spawnegg":3,"minecraft:stone":6,"minecraft:zombie_spawn_egg":19,"spore:corrupted_record":1,"minecraft:oak_door":2,"projectvibrantjourneys:icicle":5,"minecraft:torch":6,"minecraft:anvil":2,"mutantsbuff:upgraded_hulk_hammer":1,"spore:brotkatze_spawnegg":1,"minecraft:snowball":33,"spore:reconstructor_spawnegg":1,"minecraft:lantern":6,"spore:saber":2,"mutantmonsters:mutant_enderman_spawn_egg":1,"spore:braurei_spawnegg":1,"spore:gazen_spawnegg":5,"spore:proto_spawnegg":4,"simpleshops:creative_simple_shop":5,"spore:griefer_spawnegg":1,"spore:inquisitor_spawnegg":1,"spore:verva_spawnegg":1,"minecraft:potion":15,"immersive_aircraft:gyrodyne":1,"immersive_aircraft:biplane":1,"spore:spitter_spawnegg":4,"minecraft:splash_potion":3,"minecraft:jukebox":1,"spore:delusioner_spawnegg":1,"minecraft:soul_torch":2},"minecraft:picked_up":{"spore:mutated_heart":11,"spore:sicken_biomass_block":1,"minecraft:feather":3,"spore:calcified_biomass_block":1,"minecraft:leather":1,"projectvibrantjourneys:icicle":1,"projectvibrantjourneys:fallen_leaves":2,"spore:infested_dirt":2,"spore:infested_stone":47,"dummmmmmy:target_dummy":1,"mutantsbuff:charged_hammer":1,"minecraft:oak_log":1,"max_armory:copper_spear":1,"minecraft:gunpowder":2,"minecraft:cobblestone_wall":1,"immersive_aircraft:gyrodyne":1,"marbledsarsenal:cm6m_gas_mask":1,"pointblank:m32mgl":1,"minecraft:cornflower":2,"minecraft:dirt":188,"spore:innards":2,"minecraft:string":1,"minecraft:lantern":1,"immersive_aircraft:biplane":1,"spore:infested_cobblestone":1,"minecraft:leather_boots":1,"minecraft:bone":3,"minecraft:blue_orchid":1,"minecraft:stone_bricks":2,"minecraft:gray_terracotta":2,"minecraft:wheat_seeds":5,"pointblank:ammo9mm":1,"spore:mutated_fiber":193,"minecraft:stick":6,"spore:tumor":3,"spore:cerebrum":5,"marbledsarsenal:police_baton":1,"pointblank:glock17":2,"minecraft:oak_door":2,"spore:armor_fragment":39,"minecraft:torch":1,"pointblank:gunmetal_nugget":255,"minecraft:sand":1,"minecraft:ink_sac":1,"minecraft:spider_eye":1,"alexsmobs:animal_dictionary":1,"minecraft:mossy_cobblestone":1,"pointblank:m1911a1":1,"pointblank:ammo45acp":56,"spore:claw_fragment":22,"minecraft:rotten_flesh":8,"minecraft:slime_ball":4,"tacz:modern_kinetic_gun":1,"minecraft:crossbow":1,"minecraft:bread":9,"spore:spine_fragment":2,"spore:alveolic_sack":6,"spore:tendons":6,"minecraft:coal":11,"minecraft:snowball":16,"minecraft:cobblestone":281,"minecraft:ender_pearl":1},"minecraft:custom":{"minecraft:mob_kills":94,"minecraft:interact_with_anvil":3,"minecraft:play_record":1,"minecraft:open_barrel":1,"minecraft:damage_dealt_resisted":1308,"minecraft:leave_game":45,"minecraft:time_since_death":79851,"minecraft:climb_one_cm":3501,"minecraft:time_since_rest":79889,"minecraft:sprint_one_cm":57828,"minecraft:walk_one_cm":215374,"minecraft:drop":74,"minecraft:damage_dealt":349,"minecraft:fly_one_cm":2647484,"minecraft:open_chest":1,"minecraft:crouch_one_cm":9111,"minecraft:play_time":382319,"minecraft:deaths":3,"minecraft:sneak_time":19014,"minecraft:walk_under_water_one_cm":110079,"minecraft:jump":1540,"minecraft:walk_on_water_one_cm":27317,"minecraft:total_world_time":382603,"minecraft:fall_one_cm":209},"minecraft:killed":{"minecraft:pig":1,"spore:inf_player":1,"hordes:zombie_player":3,"minecraft:salmon":1,"alexsmobs:raccoon":1,"hordes:drowned_player":1,"spore:brot":2,"spore:inf_pillager":7,"spore:inquisitor":3,"spore:umarmed":2,"spore:inf_villager":5,"spore:griefer":1,"minecraft:zombie":27,"spore:inf_human":35,"spore:usurper":1,"mutantmonsters:mutant_zombie":1,"spore:delusioner":1,"minecraft:cow":1},"minecraft:dropped":{"pointblank:at4":1,"pointblank:javelin":1,"marbledsarsenal:swat_armor_helmet":1,"minecraft:bread":38,"minecraft:stone_axe":1,"pointblank:tti_viper":3,"mutantmonsters:hulk_hammer":2,"securitycraft:universal_block_reinforcer_lvl3":1,"marbledsarsenal:swat_armor_chestplate":1,"mutantmonsters:endersoul_hand":1,"pointblank:m32mgl":1,"pointblank:smg_muzzlebrake":1,"pointblank:javelin_rocket":999999,"marbledsarsenal:swat_armor_leggings":1,"pointblank:glock17":3,"max_armory:iron_long_sword":1,"marbledsarsenal:hazmat_armor_chestplate":2,"mutantmonsters:creeper_shard":2,"marbledsarsenal:black_gp5_gas_mask":1,"pointblank:ammo9mm":1000000,"marbledsarsenal:swat_armor_boots":1,"pointblank:m9":1,"max_armory:wooden_machete":1,"pointblank:ammocreative":1999998,"mutantsbuff:charged_hammer":3,"marbledsarsenal:hazmat_armor_boots":2,"pointblank:moa_hg":1,"marbledsarsenal:stop_sign":1,"max_armory:copper_spear":2,"marbledsarsenal:hazmat_armor_leggings":2,"spore:knife":1,"saros__money_mod:euro_200":1,"max_armory:diamond_spear":1,"tacz:modern_kinetic_gun":9,"tacz:ammo":4999995,"minecraft:stone_pickaxe":1,"pointblank:mk23":1,"marbledsarsenal:steel_baseball_bat":2,"pointblank:at4_rocket":999999,"mutantsbuff:upgraded_hulk_hammer":1,"pointblank:m1911a1":2,"tacz:attachment":2,"spore:saber":1,"marbledsarsenal:cm6m_gas_mask":1}},"DataVersion":3465}