{"stats":{"minecraft:picked_up":{"marbledsarsenal:police_baton":1,"minecraft:oak_door":1,"projectvibrantjourneys:fallen_leaves":2,"pointblank:gunmetal_nugget":2,"minecraft:ink_sac":1,"marbledsarsenal:cm6m_gas_mask":1,"minecraft:cornflower":2,"alexsmobs:animal_dictionary":1,"minecraft:lantern":1,"pointblank:ammo45acp":56,"pointblank:m1911a1":1,"minecraft:leather_boots":1,"minecraft:blue_orchid":1,"minecraft:wheat_seeds":4,"pointblank:ammo9mm":1,"minecraft:bread":9},"minecraft:used":{"minecraft:iron_bars":1,"minecraft:lantern":6,"minecraft:oak_door":2,"minecraft:torch":4,"minecraft:potion":1,"minecraft:soul_torch":2},"minecraft:custom":{"minecraft:time_since_rest":42536,"minecraft:sprint_one_cm":8197,"minecraft:walk_one_cm":43297,"minecraft:mob_kills":2,"minecraft:drop":11,"minecraft:damage_dealt":44,"minecraft:fly_one_cm":426950,"minecraft:open_barrel":1,"minecraft:crouch_one_cm":667,"minecraft:play_time":58143,"minecraft:deaths":1,"minecraft:sneak_time":1766,"minecraft:jump":45,"minecraft:leave_game":7,"minecraft:walk_on_water_one_cm":130,"minecraft:time_since_death":42508,"minecraft:total_world_time":58427,"minecraft:fall_one_cm":209},"minecraft:killed":{"hordes:zombie_player":1,"minecraft:salmon":1},"minecraft:dropped":{"pointblank:ammocreative":1999998,"minecraft:bread":38,"minecraft:stone_axe":1,"pointblank:tti_viper":1,"minecraft:stone_pickaxe":1,"pointblank:ammo9mm":1000000,"pointblank:m9":1,"pointblank:m1911a1":1}},"DataVersion":3465}