{"stats":{"minecraft:used":{"minecraft:oak_door":2,"minecraft:torch":4,"minecraft:iron_bars":1,"minecraft:lantern":6,"minecraft:soul_torch":2},"minecraft:picked_up":{"pointblank:m1911a1":1,"pointblank:ammo45acp":56,"minecraft:leather_boots":1,"marbledsarsenal:police_baton":1,"minecraft:oak_door":1,"minecraft:blue_orchid":1,"projectvibrantjourneys:fallen_leaves":2,"minecraft:wheat_seeds":4,"pointblank:ammo9mm":1,"pointblank:gunmetal_nugget":2,"minecraft:bread":9,"minecraft:ink_sac":1,"minecraft:cornflower":2,"marbledsarsenal:cm6m_gas_mask":1,"alexsmobs:animal_dictionary":1,"minecraft:lantern":1},"minecraft:custom":{"minecraft:open_barrel":1,"minecraft:time_since_rest":35857,"minecraft:crouch_one_cm":608,"minecraft:play_time":51464,"minecraft:sprint_one_cm":8197,"minecraft:walk_one_cm":40955,"minecraft:deaths":1,"minecraft:sneak_time":1473,"minecraft:mob_kills":2,"minecraft:drop":5,"minecraft:jump":39,"minecraft:damage_dealt":34,"minecraft:leave_game":6,"minecraft:time_since_death":35829,"minecraft:walk_on_water_one_cm":130,"minecraft:total_world_time":51748,"minecraft:fall_one_cm":209,"minecraft:fly_one_cm":353825},"minecraft:killed":{"hordes:zombie_player":1,"minecraft:salmon":1},"minecraft:dropped":{"pointblank:ammocreative":999999,"pointblank:ammo9mm":1000000,"pointblank:m9":1,"pointblank:m1911a1":1}},"DataVersion":3465}