{"stats":{"minecraft:used":{"mutantsbuff:mutant_charged_creeper_spawn_egg":3,"minecraft:iron_bars":1,"minecraft:stone":6,"minecraft:zombie_spawn_egg":19,"minecraft:oak_door":2,"projectvibrantjourneys:icicle":5,"minecraft:torch":6,"minecraft:anvil":2,"mutantsbuff:upgraded_hulk_hammer":1,"minecraft:snowball":33,"minecraft:lantern":6,"spore:saber":2,"spore:griefer_spawnegg":1,"minecraft:potion":15,"spore:spitter_spawnegg":4,"minecraft:soul_torch":2},"minecraft:picked_up":{"spore:mutated_heart":3,"minecraft:feather":2,"spore:calcified_biomass_block":1,"projectvibrantjourneys:fallen_leaves":2,"projectvibrantjourneys:icicle":1,"mutantsbuff:charged_hammer":1,"minecraft:gunpowder":2,"minecraft:cornflower":2,"marbledsarsenal:cm6m_gas_mask":1,"minecraft:string":1,"minecraft:lantern":1,"minecraft:leather_boots":1,"minecraft:bone":2,"minecraft:blue_orchid":1,"minecraft:stone_bricks":2,"minecraft:gray_terracotta":2,"minecraft:wheat_seeds":5,"pointblank:ammo9mm":1,"spore:mutated_fiber":43,"spore:cerebrum":5,"marbledsarsenal:police_baton":1,"pointblank:glock17":2,"minecraft:oak_door":1,"minecraft:sand":1,"pointblank:gunmetal_nugget":90,"minecraft:ink_sac":1,"minecraft:spider_eye":1,"alexsmobs:animal_dictionary":1,"minecraft:mossy_cobblestone":1,"pointblank:m1911a1":1,"pointblank:ammo45acp":56,"minecraft:rotten_flesh":8,"minecraft:slime_ball":3,"tacz:modern_kinetic_gun":1,"minecraft:crossbow":1,"minecraft:bread":9,"minecraft:snowball":16,"minecraft:cobblestone":7},"minecraft:custom":{"minecraft:interact_with_anvil":3,"minecraft:mob_kills":48,"minecraft:open_barrel":1,"minecraft:damage_dealt_resisted":145,"minecraft:leave_game":31,"minecraft:time_since_death":112681,"minecraft:time_since_rest":112753,"minecraft:sprint_one_cm":51879,"minecraft:walk_one_cm":154128,"minecraft:drop":34,"minecraft:damage_dealt":319,"minecraft:fly_one_cm":1000451,"minecraft:open_chest":1,"minecraft:crouch_one_cm":5514,"minecraft:play_time":204223,"minecraft:deaths":2,"minecraft:sneak_time":7622,"minecraft:walk_under_water_one_cm":6817,"minecraft:jump":717,"minecraft:walk_on_water_one_cm":1235,"minecraft:total_world_time":204507,"minecraft:fall_one_cm":209},"minecraft:killed":{"hordes:zombie_player":2,"minecraft:salmon":1,"alexsmobs:raccoon":1,"hordes:drowned_player":1,"spore:inf_pillager":2,"spore:inf_villager":3,"minecraft:zombie":10,"spore:inf_human":27,"mutantmonsters:mutant_zombie":1},"minecraft:dropped":{"minecraft:bread":38,"minecraft:stone_axe":1,"pointblank:tti_viper":3,"mutantmonsters:hulk_hammer":1,"securitycraft:universal_block_reinforcer_lvl3":1,"pointblank:smg_muzzlebrake":1,"pointblank:glock17":3,"max_armory:iron_long_sword":1,"pointblank:ammo9mm":1000000,"pointblank:m9":1,"pointblank:ammocreative":1999998,"mutantsbuff:charged_hammer":3,"pointblank:moa_hg":1,"marbledsarsenal:stop_sign":1,"tacz:modern_kinetic_gun":3,"tacz:ammo":1999998,"minecraft:stone_pickaxe":1,"pointblank:mk23":1,"marbledsarsenal:steel_baseball_bat":1,"pointblank:m1911a1":2,"spore:saber":1}},"DataVersion":3465}