{"stats":{"minecraft:used":{"minecraft:iron_bars":1,"minecraft:lantern":6,"spore:saber":2,"minecraft:stone":2,"minecraft:oak_door":2,"spore:griefer_spawnegg":1,"projectvibrantjourneys:icicle":5,"minecraft:torch":6,"minecraft:anvil":1,"minecraft:potion":11,"mutantsbuff:upgraded_hulk_hammer":1,"spore:spitter_spawnegg":4,"minecraft:snowball":33,"minecraft:soul_torch":2},"minecraft:picked_up":{"marbledsarsenal:police_baton":1,"pointblank:glock17":2,"minecraft:oak_door":1,"projectvibrantjourneys:icicle":1,"projectvibrantjourneys:fallen_leaves":2,"pointblank:gunmetal_nugget":38,"mutantsbuff:charged_hammer":1,"minecraft:ink_sac":1,"minecraft:gunpowder":2,"minecraft:string":1,"minecraft:mossy_cobblestone":1,"minecraft:cornflower":2,"marbledsarsenal:cm6m_gas_mask":1,"minecraft:spider_eye":1,"alexsmobs:animal_dictionary":1,"minecraft:lantern":1,"pointblank:m1911a1":1,"pointblank:ammo45acp":56,"minecraft:leather_boots":1,"minecraft:bone":2,"minecraft:slime_ball":2,"minecraft:rotten_flesh":3,"minecraft:blue_orchid":1,"minecraft:gray_terracotta":2,"minecraft:wheat_seeds":5,"pointblank:ammo9mm":1,"minecraft:bread":9,"minecraft:snowball":16,"minecraft:cobblestone":6},"minecraft:custom":{"minecraft:time_since_rest":83962,"minecraft:walk_one_cm":136559,"minecraft:sprint_one_cm":49555,"minecraft:interact_with_anvil":1,"minecraft:mob_kills":39,"minecraft:drop":27,"minecraft:damage_dealt":210,"minecraft:fly_one_cm":877355,"minecraft:open_barrel":1,"minecraft:open_chest":1,"minecraft:crouch_one_cm":4895,"minecraft:play_time":175432,"minecraft:deaths":2,"minecraft:sneak_time":6863,"minecraft:walk_under_water_one_cm":1918,"minecraft:damage_dealt_resisted":145,"minecraft:jump":689,"minecraft:leave_game":25,"minecraft:time_since_death":83890,"minecraft:walk_on_water_one_cm":520,"minecraft:total_world_time":175716,"minecraft:fall_one_cm":209},"minecraft:dropped":{"pointblank:ammocreative":1999998,"minecraft:bread":38,"mutantsbuff:charged_hammer":2,"minecraft:stone_axe":1,"pointblank:moa_hg":1,"pointblank:tti_viper":3,"securitycraft:universal_block_reinforcer_lvl3":1,"pointblank:smg_muzzlebrake":1,"pointblank:glock17":3,"tacz:modern_kinetic_gun":1,"tacz:ammo":999999,"minecraft:stone_pickaxe":1,"pointblank:ammo9mm":1000000,"pointblank:mk23":1,"marbledsarsenal:steel_baseball_bat":1,"pointblank:m9":1,"pointblank:m1911a1":2,"spore:saber":1},"minecraft:killed":{"spore:inf_pillager":2,"spore:inf_villager":3,"minecraft:zombie":3,"spore:inf_human":27,"hordes:zombie_player":1,"minecraft:salmon":1,"alexsmobs:raccoon":1,"mutantmonsters:mutant_zombie":1}},"DataVersion":3465}