{"stats":{"minecraft:killed":{"minecraft:zombie":1,"hordes:zombie_player":1,"minecraft:salmon":1,"mutantmonsters:mutant_zombie":1},"minecraft:picked_up":{"marbledsarsenal:police_baton":1,"pointblank:glock17":2,"minecraft:oak_door":1,"projectvibrantjourneys:fallen_leaves":2,"pointblank:gunmetal_nugget":2,"minecraft:ink_sac":1,"minecraft:gunpowder":1,"minecraft:cornflower":2,"marbledsarsenal:cm6m_gas_mask":1,"alexsmobs:animal_dictionary":1,"minecraft:lantern":1,"pointblank:m1911a1":1,"pointblank:ammo45acp":56,"minecraft:leather_boots":1,"minecraft:bone":1,"minecraft:rotten_flesh":3,"minecraft:blue_orchid":1,"minecraft:wheat_seeds":4,"pointblank:ammo9mm":1,"minecraft:bread":9,"minecraft:cobblestone":5},"minecraft:used":{"minecraft:iron_bars":1,"minecraft:lantern":6,"minecraft:stone":2,"minecraft:oak_door":2,"minecraft:torch":6,"minecraft:potion":4,"mutantsbuff:upgraded_hulk_hammer":1,"spore:spitter_spawnegg":4,"minecraft:soul_torch":2},"minecraft:custom":{"minecraft:time_since_rest":70765,"minecraft:sprint_one_cm":8308,"minecraft:walk_one_cm":54270,"minecraft:mob_kills":4,"minecraft:drop":17,"minecraft:damage_dealt":86,"minecraft:fly_one_cm":597961,"minecraft:open_barrel":1,"minecraft:open_chest":1,"minecraft:crouch_one_cm":916,"minecraft:play_time":86372,"minecraft:deaths":1,"minecraft:sneak_time":3105,"minecraft:jump":58,"minecraft:leave_game":13,"minecraft:walk_on_water_one_cm":130,"minecraft:time_since_death":70737,"minecraft:total_world_time":86656,"minecraft:fall_one_cm":209},"minecraft:dropped":{"pointblank:ammocreative":1999998,"minecraft:bread":38,"minecraft:stone_axe":1,"pointblank:tti_viper":2,"pointblank:glock17":3,"tacz:modern_kinetic_gun":1,"tacz:ammo":999999,"minecraft:stone_pickaxe":1,"pointblank:ammo9mm":1000000,"pointblank:m9":1,"pointblank:m1911a1":1}},"DataVersion":3465}