{"stats":{"minecraft:used":{"spore:sieger_spawnegg":6,"spore:infected_human_spawnegg":1,"mutantsbuff:mutant_charged_creeper_spawn_egg":5,"minecraft:iron_bars":1,"spore:hinden_spawnegg":3,"minecraft:stone":6,"minecraft:zombie_spawn_egg":19,"spore:corrupted_record":1,"projectvibrantjourneys:icicle":5,"minecraft:oak_door":2,"minecraft:torch":6,"alexsmobs:spawn_egg_warped_mosco":1,"minecraft:anvil":2,"spore:brotkatze_spawnegg":1,"spore:volatile_spawnegg":1,"minecraft:snowball":33,"mutantmonsters:mutant_creeper_spawn_egg":2,"spore:reconstructor_spawnegg":1,"minecraft:lantern":6,"mutantmonsters:mutant_enderman_spawn_egg":2,"spore:braurei_spawnegg":1,"spore:gazen_spawnegg":6,"spore:proto_spawnegg":5,"spore:inquisitor_spawnegg":2,"spore:griefer_spawnegg":1,"spore:verva_spawnegg":1,"spore:delusioner_spawnegg":1,"immersive_aircraft:biplane":1,"dummmmmmy:target_dummy":1,"securitycraft:reinforced_cobblestone":5,"mutantsbuff:upgraded_hulk_hammer":1,"spore:wendigo_spawnegg":1,"spore:saber":2,"simpleshops:creative_simple_shop":5,"minecraft:potion":15,"alexsmobs:spawn_egg_void_worm":1,"immersive_aircraft:gyrodyne":1,"spore:spitter_spawnegg":4,"minecraft:jukebox":1,"minecraft:splash_potion":3,"minecraft:soul_torch":2},"minecraft:picked_up":{"spore:mutated_heart":11,"spore:calcified_biomass_block":1,"spore:sicken_biomass_block":1,"spore:infested_dirt":2,"minecraft:cornflower":2,"minecraft:string":1,"spore:innards":2,"immersive_aircraft:biplane":1,"spore:infested_cobblestone":1,"minecraft:blue_orchid":1,"pointblank:ammo9mm":1,"minecraft:stick":6,"spore:tumor":3,"marbledsarsenal:police_baton":1,"minecraft:oak_door":2,"minecraft:torch":1,"pointblank:gunmetal_nugget":340,"pointblank:ammo45acp":56,"pointblank:m1911a1":1,"minecraft:rotten_flesh":8,"spore:alveolic_sack":6,"spore:tendons":6,"minecraft:snowball":32,"minecraft:cobblestone":281,"minecraft:feather":3,"spore:rooted_biomass":1,"projectvibrantjourneys:icicle":1,"projectvibrantjourneys:fallen_leaves":2,"spore:infested_stone":47,"minecraft:leather":1,"dummmmmmy:target_dummy":1,"minecraft:oak_log":1,"minecraft:flint":1,"mutantsbuff:charged_hammer":1,"minecraft:cobblestone_wall":1,"minecraft:gunpowder":3,"max_armory:copper_spear":1,"immersive_aircraft:gyrodyne":1,"pointblank:m32mgl":1,"marbledsarsenal:cm6m_gas_mask":1,"minecraft:dirt":188,"minecraft:lantern":1,"minecraft:leather_boots":1,"minecraft:bone":3,"minecraft:stone_bricks":2,"minecraft:gray_terracotta":2,"minecraft:wheat_seeds":5,"spore:mutated_fiber":193,"spore:cerebrum":5,"pointblank:glock17":2,"spore:armor_fragment":39,"minecraft:sand":1,"minecraft:ink_sac":1,"minecraft:spider_eye":2,"alexsmobs:animal_dictionary":1,"minecraft:mossy_cobblestone":1,"spore:claw_fragment":22,"minecraft:slime_ball":4,"tacz:modern_kinetic_gun":1,"minecraft:crossbow":1,"minecraft:bread":9,"spore:spine_fragment":2,"minecraft:coal":11,"minecraft:ender_pearl":1},"minecraft:custom":{"minecraft:interact_with_anvil":3,"minecraft:mob_kills":99,"minecraft:open_barrel":1,"minecraft:damage_dealt_resisted":1308,"minecraft:leave_game":45,"minecraft:time_since_death":109851,"minecraft:climb_one_cm":3501,"minecraft:sprint_one_cm":58754,"minecraft:walk_one_cm":220617,"minecraft:drop":80,"minecraft:play_time":412319,"minecraft:deaths":3,"minecraft:sneak_time":20434,"minecraft:walk_under_water_one_cm":110079,"minecraft:jump":1552,"minecraft:walk_on_water_one_cm":27317,"minecraft:total_world_time":412603,"minecraft:play_record":1,"minecraft:time_since_rest":109889,"minecraft:damage_dealt":349,"minecraft:fly_one_cm":3009341,"minecraft:open_chest":1,"minecraft:crouch_one_cm":9395,"minecraft:fall_one_cm":209},"minecraft:killed":{"hordes:zombie_player":3,"alexsmobs:raccoon":1,"alexsmobs:void_worm":1,"spore:inquisitor":3,"spore:griefer":1,"spore:usurper":1,"spore:delusioner":1,"minecraft:pig":1,"spore:inf_player":1,"minecraft:salmon":1,"hordes:drowned_player":1,"spore:umarmed":2,"spore:inf_pillager":7,"spore:brot":2,"spore:inf_villager":5,"minecraft:zombie":31,"spore:inf_human":35,"mutantmonsters:mutant_zombie":1,"minecraft:cow":1},"minecraft:dropped":{"pointblank:javelin":1,"minecraft:bread":38,"marbledsarsenal:black_plate_carrier_t1":1,"pointblank:m32mgl":1,"marbledsarsenal:red_military_beret":2,"pointblank:glock17":3,"marbledsarsenal:hazmat_armor_chestplate":2,"max_armory:iron_long_sword":1,"mutantmonsters:creeper_shard":2,"marbledsarsenal:black_gp5_gas_mask":1,"pointblank:ammo9mm":1000000,"marbledsarsenal:swat_armor_boots":1,"pointblank:ammocreative":1999998,"mutantsbuff:charged_hammer":3,"marbledsarsenal:hazmat_armor_boots":2,"pointblank:moa_hg":1,"tacz:modern_kinetic_gun":10,"marbledsarsenal:steel_baseball_bat":2,"pointblank:m1911a1":2,"spore:saber":1,"marbledsarsenal:cm6m_gas_mask":1,"pointblank:at4":1,"marbledsarsenal:swat_armor_helmet":1,"minecraft:stone_axe":1,"mutantmonsters:hulk_hammer":2,"pointblank:tti_viper":3,"securitycraft:universal_block_reinforcer_lvl3":1,"marbledsarsenal:riot_armor_boots":1,"marbledsarsenal:swat_armor_chestplate":1,"mutantmonsters:endersoul_hand":1,"pointblank:smg_muzzlebrake":1,"pointblank:javelin_rocket":999999,"marbledsarsenal:swat_armor_leggings":1,"pointblank:m9":1,"max_armory:wooden_machete":1,"marbledsarsenal:riot_armor_leggings":1,"marbledsarsenal:stop_sign":1,"max_armory:copper_spear":2,"marbledsarsenal:hazmat_armor_leggings":2,"spore:knife":1,"saros__money_mod:euro_200":1,"max_armory:diamond_spear":1,"tacz:ammo":4999995,"minecraft:stone_pickaxe":1,"pointblank:mk23":1,"pointblank:at4_rocket":999999,"mutantsbuff:upgraded_hulk_hammer":1,"tacz:attachment":2}},"DataVersion":3465}